-- phpMyAdmin SQL Dump
-- version 5.2.1
-- https://www.phpmyadmin.net/
--
-- Servidor: 127.0.0.1
-- Tiempo de generación: 18-06-2026 a las 01:19:20
-- Versión del servidor: 10.4.32-MariaDB
-- Versión de PHP: 8.2.12

SET SQL_MODE = "NO_AUTO_VALUE_ON_ZERO";
START TRANSACTION;
SET time_zone = "+00:00";


/*!40101 SET @OLD_CHARACTER_SET_CLIENT=@@CHARACTER_SET_CLIENT */;
/*!40101 SET @OLD_CHARACTER_SET_RESULTS=@@CHARACTER_SET_RESULTS */;
/*!40101 SET @OLD_COLLATION_CONNECTION=@@COLLATION_CONNECTION */;
/*!40101 SET NAMES utf8mb4 */;

--
-- Base de datos: `academisys`
--

DELIMITER $$
--
-- Procedimientos
--
DROP PROCEDURE IF EXISTS `RegistrarNota`$$
CREATE DEFINER=`root`@`localhost` PROCEDURE `RegistrarNota` (IN `p_dni` INT, IN `p_id_curso` INT, IN `p_tipo` VARCHAR(30), IN `p_nota` DECIMAL(4,2), IN `p_fecha` DATE, IN `p_instancia` INT)   BEGIN
    DECLARE v_id_inscripcion INT DEFAULT NULL;

    IF p_nota < 0 OR p_nota > 10 THEN
        SIGNAL SQLSTATE '45000'
            SET MESSAGE_TEXT = 'Error: la nota debe estar entre 0 y 10.';
    END IF;

    SELECT IDInscripcion
      INTO v_id_inscripcion
      FROM Inscripcion
     WHERE DNI     = p_dni
       AND IDCurso = p_id_curso
       AND Estado <> 'Baja'
     LIMIT 1;

    IF v_id_inscripcion IS NULL THEN
        SIGNAL SQLSTATE '45000'
            SET MESSAGE_TEXT = 'Error: no existe inscripción activa para ese alumno y curso.';
    END IF;

    INSERT INTO Evaluacion (IDInscripcion, Tipo, Nota, Fecha, Instancia)
    VALUES (v_id_inscripcion, p_tipo, p_nota, p_fecha, p_instancia);
END$$

DELIMITER ;

-- --------------------------------------------------------

--
-- Estructura de tabla para la tabla `alumno`
--

CREATE TABLE `alumno` (
  `DNI` int(11) NOT NULL,
  `Nombre` varchar(100) NOT NULL,
  `Apellido` varchar(100) NOT NULL,
  `FechaNacimiento` date NOT NULL,
  `Telefono` varchar(20) DEFAULT NULL,
  `Email` varchar(100) NOT NULL,
  `FechaIngreso` date NOT NULL,
  `IDDireccion` int(11) NOT NULL,
  `Activo` tinyint(1) NOT NULL DEFAULT 1,
  `CodCarrera` varchar(10) DEFAULT NULL
) ENGINE=InnoDB DEFAULT CHARSET=utf8mb4 COLLATE=utf8mb4_general_ci;

--
-- Volcado de datos para la tabla `alumno`
--

INSERT INTO `alumno` (`DNI`, `Nombre`, `Apellido`, `FechaNacimiento`, `Telefono`, `Email`, `FechaIngreso`, `IDDireccion`, `Activo`, `CodCarrera`) VALUES
(30123456, 'Lucía', 'Fernández', '2000-03-15', '1145678901', 'lucia.fernandez@mail.com', '2022-03-01', 1, 1, 'ING'),
(31234567, 'Matías', 'González', '1999-07-22', '1156789012', 'matias.gonzalez@mail.com', '2021-03-01', 2, 1, 'ING'),
(32345678, 'Valentina', 'López', '2001-11-08', '1167890123', 'valentina.lopez@mail.com', '2023-03-01', 3, 1, 'LIS'),
(33456789, 'Nicolás', 'Martínez', '2000-05-30', '1178901234', 'nicolas.martinez@mail.com', '2022-03-01', 4, 1, 'LIS'),
(34567890, 'Camila', 'Rodríguez', '2002-01-17', '1189012345', 'camila.rodriguez@mail.com', '2023-03-01', 5, 1, 'LIS'),
(35678901, 'Santiago', 'Pérez', '1998-09-04', '1190123456', 'santiago.perez@mail.com', '2020-03-01', 6, 1, 'ING'),
(36789012, 'Agustina', 'Díaz', '2001-06-25', '1101234567', 'agustina.diaz@mail.com', '2023-03-01', 7, 1, 'LIS'),
(37890123, 'Facundo', 'Suárez', '1999-12-11', '1112345678', 'facundo.suarez@mail.com', '2021-03-01', 8, 1, 'ING'),
(38901234, 'Milagros', 'Torres', '2002-04-03', '1123456789', 'milagros.torres@mail.com', '2023-03-01', 9, 1, 'ING'),
(39012345, 'Ignacio', 'Ramírez', '2000-08-19', '1134567890', 'ignacio.ramirez@mail.com', '2022-03-01', 10, 1, 'LIS'),
(40123456, 'Florencia', 'Herrera', '2003-02-14', '1145670001', 'florencia.herrera@mail.com', '2024-03-01', 11, 1, 'LIS'),
(41234567, 'Tomás', 'Vargas', '2001-09-28', '1156780002', 'tomas.vargas@mail.com', '2022-03-01', 12, 1, 'TUS'),
(42345678, 'Sofía', 'Castro', '2000-12-05', '1167890003', 'sofia.castro@mail.com', '2021-03-01', 13, 1, 'ING'),
(43456789, 'Ezequiel', 'Morales', '1999-04-17', '1178900004', 'ezequiel.morales@mail.com', '2020-03-01', 14, 1, 'ING'),
(44567890, 'Julieta', 'Jiménez', '2002-07-31', '1189010005', 'julieta.jimenez@mail.com', '2023-03-01', 15, 1, 'LIS'),
(45678901, 'Leandro', 'Ortega', '2001-03-22', '1190120006', 'leandro.ortega@mail.com', '2022-03-01', 16, 1, 'LIS'),
(46789012, 'Rocío', 'Gutiérrez', '2000-10-09', '1101230007', 'rocio.gutierrez@mail.com', '2021-03-01', 17, 1, 'ING'),
(47890123, 'Braian', 'Navarro', '2003-06-16', '1112340008', 'braian.navarro@mail.com', '2024-03-01', 18, 1, 'LIS'),
(48901234, 'Ayelén', 'Ríos', '2001-01-27', '1123450009', 'ayelen.rios@mail.com', '2022-03-01', 19, 1, 'ING'),
(49012345, 'Marcos', 'Sosa', '1998-11-03', '1134560010', 'marcos.sosa@mail.com', '2020-03-01', 20, 1, 'ING'),
(50123456, 'Natalia', 'Medina', '2002-05-20', '1145670011', 'natalia.medina@mail.com', '2023-03-01', 21, 1, 'ING'),
(51234567, 'Emiliano', 'Pereyra', '2000-09-12', '1156780012', 'emiliano.pereyra@mail.com', '2021-03-01', 22, 1, 'ING'),
(52345678, 'Antonella', 'Blanco', '2001-07-04', '1167890013', 'antonella.blanco@mail.com', '2022-03-01', 23, 1, 'ING'),
(53456789, 'Rodrigo', 'Acosta', '1999-02-25', '1178900014', 'rodrigo.acosta@mail.com', '2020-03-01', 24, 1, 'ING'),
(54567890, 'Micaela', 'Vega', '2003-11-18', '1189010015', 'micaela.vega@mail.com', '2024-03-01', 25, 1, 'ING'),
(55678901, 'Hernán', 'Mendez', '2000-06-07', '1190120016', 'hernan.mendez@mail.com', '2021-03-01', 26, 1, 'ING'),
(56789012, 'Ailén', 'Romero', '2002-03-30', '1101230017', 'ailen.romero@mail.com', '2023-03-01', 27, 1, 'ING'),
(57890123, 'Maximiliano', 'Cabrera', '2001-08-14', '1112340018', 'maxi.cabrera@mail.com', '2022-03-01', 28, 1, 'ING'),
(58901234, 'Yamila', 'Molina', '1999-05-01', '1123450019', 'yamila.molina@mail.com', '2020-03-01', 29, 1, 'ING'),
(59012345, 'Gastón', 'Silva', '2003-01-23', '1134560020', 'gaston.silva@mail.com', '2024-03-01', 30, 1, 'ING'),
(60123456, 'Daniela', 'Quiroga', '2000-07-16', '1145670021', 'daniela.quiroga@mail.com', '2021-03-01', 31, 1, 'LIS'),
(61234567, 'Federico', 'Benítez', '2002-10-08', '1156780022', 'federico.benitez@mail.com', '2023-03-01', 32, 1, 'LIS'),
(62345678, 'Celeste', 'Aguirre', '2001-04-19', '1167890023', 'celeste.aguirre@mail.com', '2022-03-01', 33, 1, 'LIS'),
(63456789, 'Damián', 'Ibáñez', '1998-12-31', '1178900024', 'damian.ibanez@mail.com', '2020-03-01', 34, 1, 'LIS'),
(64567890, 'Magalí', 'Ponce', '2003-09-05', '1189010025', 'magali.ponce@mail.com', '2024-03-01', 35, 1, 'ING');

-- --------------------------------------------------------

--
-- Estructura de tabla para la tabla `asistencia`
--

CREATE TABLE `asistencia` (
  `IDInscripcion` int(11) NOT NULL,
  `Fecha` date NOT NULL,
  `Presente` tinyint(1) NOT NULL DEFAULT 1,
  `Observaciones` varchar(200) DEFAULT NULL
) ENGINE=InnoDB DEFAULT CHARSET=utf8mb4 COLLATE=utf8mb4_general_ci;

--
-- Volcado de datos para la tabla `asistencia`
--

INSERT INTO `asistencia` (`IDInscripcion`, `Fecha`, `Presente`, `Observaciones`) VALUES
(1, '2023-03-06', 1, NULL),
(1, '2023-03-13', 1, NULL),
(1, '2023-03-20', 0, 'Justificada'),
(1, '2023-03-27', 1, NULL),
(1, '2023-04-03', 1, NULL),
(1, '2023-04-10', 1, NULL),
(2, '2023-03-06', 1, NULL),
(2, '2023-03-13', 0, NULL),
(2, '2023-03-20', 1, NULL),
(2, '2023-03-27', 1, NULL),
(2, '2023-04-03', 0, 'Justificada'),
(2, '2023-04-10', 1, NULL),
(3, '2023-03-07', 1, NULL),
(3, '2023-03-14', 1, NULL),
(3, '2023-03-21', 1, NULL),
(3, '2023-03-28', 0, NULL),
(3, '2023-04-04', 1, NULL),
(3, '2023-04-11', 1, NULL),
(9, '2023-03-06', 1, NULL),
(9, '2023-03-13', 1, NULL),
(9, '2023-03-20', 1, NULL),
(9, '2023-03-27', 0, NULL),
(9, '2023-04-03', 1, NULL),
(9, '2023-04-10', 1, NULL),
(41, '2024-03-04', 1, NULL),
(41, '2024-03-11', 1, NULL),
(41, '2024-03-18', 1, NULL),
(41, '2024-03-25', 0, 'Justificada'),
(41, '2024-04-01', 1, NULL),
(41, '2024-04-08', 1, NULL),
(42, '2024-03-04', 1, NULL),
(42, '2024-03-11', 0, NULL),
(42, '2024-03-18', 1, NULL),
(42, '2024-03-25', 1, NULL),
(42, '2024-04-01', 1, NULL),
(42, '2024-04-08', 0, NULL),
(43, '2024-03-05', 1, NULL),
(43, '2024-03-12', 1, NULL),
(43, '2024-03-19', 1, NULL),
(43, '2024-03-26', 1, NULL),
(43, '2024-04-02', 0, NULL),
(43, '2024-04-09', 1, NULL),
(45, '2024-03-04', 1, NULL),
(45, '2024-03-11', 1, NULL),
(45, '2024-03-18', 0, NULL),
(45, '2024-03-25', 1, NULL),
(45, '2024-04-01', 1, NULL),
(45, '2024-04-08', 1, NULL),
(86, '2026-05-27', 1, 'vino re mal vestida'),
(93, '2026-05-27', 0, ''),
(99, '2026-05-27', 0, ''),
(104, '2026-05-27', 0, ''),
(110, '2026-05-27', 0, ''),
(117, '2025-03-10', 0, NULL),
(117, '2025-03-17', 1, NULL),
(117, '2025-03-24', 1, NULL),
(117, '2025-03-31', 1, NULL),
(117, '2025-04-07', 1, NULL),
(117, '2025-04-28', 1, NULL),
(117, '2025-05-05', 0, NULL),
(117, '2025-05-12', 1, NULL),
(117, '2025-05-19', 0, NULL),
(117, '2025-05-26', 1, NULL),
(117, '2025-06-02', 1, NULL),
(117, '2025-06-09', 1, NULL),
(118, '2025-03-10', 1, NULL),
(118, '2025-03-17', 0, NULL),
(118, '2025-03-24', 1, NULL),
(118, '2025-03-31', 1, NULL),
(118, '2025-04-07', 0, NULL),
(118, '2025-04-28', 1, NULL),
(118, '2025-05-05', 1, NULL),
(118, '2025-05-12', 1, NULL),
(118, '2025-05-19', 1, NULL),
(118, '2025-05-26', 0, NULL),
(118, '2025-06-02', 1, NULL),
(118, '2025-06-09', 1, NULL),
(119, '2025-03-10', 1, NULL),
(119, '2025-03-17', 1, NULL),
(119, '2025-03-24', 0, NULL),
(119, '2025-03-31', 1, NULL),
(119, '2025-04-07', 1, NULL),
(119, '2025-04-28', 1, NULL),
(119, '2025-05-05', 1, NULL),
(119, '2025-05-12', 1, NULL),
(119, '2025-05-19', 1, NULL),
(119, '2025-05-26', 1, NULL),
(119, '2025-06-02', 1, NULL),
(119, '2025-06-09', 1, NULL),
(120, '2025-03-10', 0, NULL),
(120, '2025-03-17', 1, NULL),
(120, '2025-03-24', 1, NULL),
(120, '2025-03-31', 1, NULL),
(120, '2025-04-07', 1, NULL),
(120, '2025-04-28', 1, NULL),
(120, '2025-05-05', 1, NULL),
(120, '2025-05-12', 1, NULL),
(120, '2025-05-19', 1, NULL),
(120, '2025-05-26', 1, NULL),
(120, '2025-06-02', 1, NULL),
(120, '2025-06-09', 1, NULL),
(121, '2025-03-10', 1, NULL),
(121, '2025-03-17', 1, NULL),
(121, '2025-03-24', 1, NULL),
(121, '2025-03-31', 1, NULL),
(121, '2025-04-07', 1, NULL),
(121, '2025-04-28', 1, NULL),
(121, '2025-05-05', 1, NULL),
(121, '2025-05-12', 1, NULL),
(121, '2025-05-19', 1, NULL),
(121, '2025-05-26', 0, NULL),
(121, '2025-06-02', 1, NULL),
(121, '2025-06-09', 1, NULL),
(122, '2025-03-10', 0, NULL),
(122, '2025-03-17', 1, NULL),
(122, '2025-03-24', 0, NULL),
(122, '2025-03-31', 0, NULL),
(122, '2025-04-07', 1, NULL),
(122, '2025-04-28', 0, NULL),
(122, '2025-05-05', 1, NULL),
(122, '2025-05-12', 1, NULL),
(122, '2025-05-19', 1, NULL),
(122, '2025-05-26', 1, NULL),
(122, '2025-06-02', 1, NULL),
(122, '2025-06-09', 0, NULL),
(123, '2025-03-10', 1, NULL),
(123, '2025-03-17', 1, NULL),
(123, '2025-03-24', 0, NULL),
(123, '2025-03-31', 1, NULL),
(123, '2025-04-07', 0, NULL),
(123, '2025-04-28', 1, NULL),
(123, '2025-05-05', 0, NULL),
(123, '2025-05-12', 0, NULL),
(123, '2025-05-19', 0, NULL),
(123, '2025-05-26', 1, NULL),
(123, '2025-06-02', 1, NULL),
(123, '2025-06-09', 0, NULL),
(124, '2025-03-10', 1, NULL),
(124, '2025-03-17', 1, NULL),
(124, '2025-03-24', 1, NULL),
(124, '2025-03-31', 0, NULL),
(124, '2025-04-07', 0, NULL),
(124, '2025-04-28', 1, NULL),
(124, '2025-05-05', 1, NULL),
(124, '2025-05-12', 1, NULL),
(124, '2025-05-19', 1, NULL),
(124, '2025-05-26', 1, NULL),
(124, '2025-06-02', 1, NULL),
(124, '2025-06-09', 1, NULL),
(125, '2025-03-10', 1, NULL),
(125, '2025-03-17', 0, NULL),
(125, '2025-03-24', 1, NULL),
(125, '2025-03-31', 1, NULL),
(125, '2025-04-07', 1, NULL),
(125, '2025-04-28', 1, NULL),
(125, '2025-05-05', 1, NULL),
(125, '2025-05-12', 1, NULL),
(125, '2025-05-19', 1, NULL),
(125, '2025-05-26', 0, NULL),
(125, '2025-06-02', 1, NULL),
(125, '2025-06-09', 1, NULL),
(126, '2025-03-10', 1, NULL),
(126, '2025-03-17', 1, NULL),
(126, '2025-03-24', 0, NULL),
(126, '2025-03-31', 1, NULL),
(126, '2025-04-07', 1, NULL),
(126, '2025-04-28', 1, NULL),
(126, '2025-05-05', 1, NULL),
(126, '2025-05-12', 1, NULL),
(126, '2025-05-19', 1, NULL),
(126, '2025-05-26', 0, NULL),
(126, '2025-06-02', 1, NULL),
(126, '2025-06-09', 1, NULL),
(132, '2025-03-10', 1, NULL),
(132, '2025-03-17', 1, NULL),
(132, '2025-03-24', 1, NULL),
(132, '2025-03-31', 1, NULL),
(132, '2025-04-07', 1, NULL),
(132, '2025-04-28', 1, NULL),
(132, '2025-05-05', 0, NULL),
(132, '2025-05-12', 1, NULL),
(132, '2025-05-19', 1, NULL),
(132, '2025-05-26', 1, NULL),
(132, '2025-06-02', 1, NULL),
(132, '2025-06-09', 1, NULL),
(133, '2025-03-10', 1, NULL),
(133, '2025-03-17', 1, NULL),
(133, '2025-03-24', 1, NULL),
(133, '2025-03-31', 0, NULL),
(133, '2025-04-07', 1, NULL),
(133, '2025-04-28', 1, NULL),
(133, '2025-05-05', 1, NULL),
(133, '2025-05-12', 1, NULL),
(133, '2025-05-19', 1, NULL),
(133, '2025-05-26', 1, NULL),
(133, '2025-06-02', 1, NULL),
(133, '2025-06-09', 0, NULL),
(134, '2025-03-10', 1, NULL),
(134, '2025-03-17', 1, NULL),
(134, '2025-03-24', 0, NULL),
(134, '2025-03-31', 0, NULL),
(134, '2025-04-07', 1, NULL),
(134, '2025-04-28', 1, NULL),
(134, '2025-05-05', 1, NULL),
(134, '2025-05-12', 1, NULL),
(134, '2025-05-19', 1, NULL),
(134, '2025-05-26', 1, NULL),
(134, '2025-06-02', 1, NULL),
(134, '2025-06-09', 1, NULL),
(135, '2025-03-10', 1, NULL),
(135, '2025-03-17', 1, NULL),
(135, '2025-03-24', 1, NULL),
(135, '2025-03-31', 1, NULL),
(135, '2025-04-07', 1, NULL),
(135, '2025-04-28', 0, NULL),
(135, '2025-05-05', 1, NULL),
(135, '2025-05-12', 1, NULL),
(135, '2025-05-19', 0, NULL),
(135, '2025-05-26', 1, NULL),
(135, '2025-06-02', 1, NULL),
(135, '2025-06-09', 1, NULL),
(136, '2025-03-10', 1, NULL),
(136, '2025-03-17', 1, NULL),
(136, '2025-03-24', 1, NULL),
(136, '2025-03-31', 1, NULL),
(136, '2025-04-07', 0, NULL),
(136, '2025-04-28', 1, NULL),
(136, '2025-05-05', 1, NULL),
(136, '2025-05-12', 1, NULL),
(136, '2025-05-19', 1, NULL),
(136, '2025-05-26', 1, NULL),
(136, '2025-06-02', 1, NULL),
(136, '2025-06-09', 1, NULL),
(137, '2025-03-10', 1, NULL),
(137, '2025-03-17', 1, NULL),
(137, '2025-03-24', 1, NULL),
(137, '2025-03-31', 1, NULL),
(137, '2025-04-07', 1, NULL),
(137, '2025-04-28', 1, NULL),
(137, '2025-05-05', 0, NULL),
(137, '2025-05-12', 0, NULL),
(137, '2025-05-19', 1, NULL),
(137, '2025-05-26', 1, NULL),
(137, '2025-06-02', 0, NULL),
(137, '2025-06-09', 0, NULL),
(138, '2025-03-10', 1, NULL),
(138, '2025-03-17', 1, NULL),
(138, '2025-03-24', 1, NULL),
(138, '2025-03-31', 1, NULL),
(138, '2025-04-07', 1, NULL),
(138, '2025-04-28', 0, NULL),
(138, '2025-05-05', 1, NULL),
(138, '2025-05-12', 0, NULL),
(138, '2025-05-19', 1, NULL),
(138, '2025-05-26', 1, NULL),
(138, '2025-06-02', 1, NULL),
(138, '2025-06-09', 0, NULL),
(139, '2025-03-10', 1, NULL),
(139, '2025-03-17', 1, NULL),
(139, '2025-03-24', 1, NULL),
(139, '2025-03-31', 1, NULL),
(139, '2025-04-07', 1, NULL),
(139, '2025-04-28', 0, NULL),
(139, '2025-05-05', 1, NULL),
(139, '2025-05-12', 1, NULL),
(139, '2025-05-19', 1, NULL),
(139, '2025-05-26', 0, NULL),
(139, '2025-06-02', 1, NULL),
(139, '2025-06-09', 1, NULL),
(140, '2025-03-10', 1, NULL),
(140, '2025-03-17', 1, NULL),
(140, '2025-03-24', 1, NULL),
(140, '2025-03-31', 1, NULL),
(140, '2025-04-07', 0, NULL),
(140, '2025-04-28', 1, NULL),
(140, '2025-05-05', 0, NULL),
(140, '2025-05-12', 1, NULL),
(140, '2025-05-19', 1, NULL),
(140, '2025-05-26', 1, NULL),
(140, '2025-06-02', 1, NULL),
(140, '2025-06-09', 1, NULL),
(141, '2025-03-10', 1, NULL),
(141, '2025-03-17', 0, NULL),
(141, '2025-03-24', 1, NULL),
(141, '2025-03-31', 1, NULL),
(141, '2025-04-07', 0, NULL),
(141, '2025-04-28', 0, NULL),
(141, '2025-05-05', 1, NULL),
(141, '2025-05-12', 1, NULL),
(141, '2025-05-19', 0, NULL),
(141, '2025-05-26', 1, NULL),
(141, '2025-06-02', 1, NULL),
(141, '2025-06-09', 1, NULL),
(147, '2025-03-10', 1, NULL),
(147, '2025-03-17', 1, NULL),
(147, '2025-03-24', 1, NULL),
(147, '2025-03-31', 1, NULL),
(147, '2025-04-07', 1, NULL),
(147, '2025-04-28', 1, NULL),
(147, '2025-05-05', 1, NULL),
(147, '2025-05-12', 0, NULL),
(147, '2025-05-19', 1, NULL),
(147, '2025-05-26', 1, NULL),
(147, '2025-06-02', 0, NULL),
(147, '2025-06-09', 1, NULL),
(148, '2025-03-10', 0, NULL),
(148, '2025-03-17', 1, NULL),
(148, '2025-03-24', 0, NULL),
(148, '2025-03-31', 1, NULL),
(148, '2025-04-07', 0, NULL),
(148, '2025-04-28', 0, NULL),
(148, '2025-05-05', 0, NULL),
(148, '2025-05-12', 1, NULL),
(148, '2025-05-19', 1, NULL),
(148, '2025-05-26', 1, NULL),
(148, '2025-06-02', 1, NULL),
(148, '2025-06-09', 0, NULL),
(149, '2025-03-10', 0, NULL),
(149, '2025-03-17', 1, NULL),
(149, '2025-03-24', 1, NULL),
(149, '2025-03-31', 1, NULL),
(149, '2025-04-07', 0, NULL),
(149, '2025-04-28', 1, NULL),
(149, '2025-05-05', 1, NULL),
(149, '2025-05-12', 1, NULL),
(149, '2025-05-19', 1, NULL),
(149, '2025-05-26', 1, NULL),
(149, '2025-06-02', 1, NULL),
(149, '2025-06-09', 1, NULL),
(150, '2025-03-10', 1, NULL),
(150, '2025-03-17', 1, NULL),
(150, '2025-03-24', 1, NULL),
(150, '2025-03-31', 1, NULL),
(150, '2025-04-07', 0, NULL),
(150, '2025-04-28', 0, NULL),
(150, '2025-05-05', 1, NULL),
(150, '2025-05-12', 0, NULL),
(150, '2025-05-19', 1, NULL),
(150, '2025-05-26', 1, NULL),
(150, '2025-06-02', 1, NULL),
(150, '2025-06-09', 1, NULL),
(151, '2025-03-10', 1, NULL),
(151, '2025-03-17', 1, NULL),
(151, '2025-03-24', 1, NULL),
(151, '2025-03-31', 1, NULL),
(151, '2025-04-07', 0, NULL),
(151, '2025-04-28', 1, NULL),
(151, '2025-05-05', 1, NULL),
(151, '2025-05-12', 1, NULL),
(151, '2025-05-19', 0, NULL),
(151, '2025-05-26', 1, NULL),
(151, '2025-06-02', 1, NULL),
(151, '2025-06-09', 1, NULL),
(152, '2025-03-10', 1, NULL),
(152, '2025-03-17', 1, NULL),
(152, '2025-03-24', 0, NULL),
(152, '2025-03-31', 1, NULL),
(152, '2025-04-07', 1, NULL),
(152, '2025-04-28', 1, NULL),
(152, '2025-05-05', 1, NULL),
(152, '2025-05-12', 1, NULL),
(152, '2025-05-19', 1, NULL),
(152, '2025-05-26', 1, NULL),
(152, '2025-06-02', 1, NULL),
(152, '2025-06-09', 1, NULL),
(153, '2025-03-10', 1, NULL),
(153, '2025-03-17', 1, NULL),
(153, '2025-03-24', 1, NULL),
(153, '2025-03-31', 1, NULL),
(153, '2025-04-07', 0, NULL),
(153, '2025-04-28', 1, NULL),
(153, '2025-05-05', 1, NULL),
(153, '2025-05-12', 1, NULL),
(153, '2025-05-19', 1, NULL),
(153, '2025-05-26', 1, NULL),
(153, '2025-06-02', 1, NULL),
(153, '2025-06-09', 1, NULL),
(154, '2025-03-10', 1, NULL),
(154, '2025-03-17', 1, NULL),
(154, '2025-03-24', 0, NULL),
(154, '2025-03-31', 1, NULL),
(154, '2025-04-07', 1, NULL),
(154, '2025-04-28', 1, NULL),
(154, '2025-05-05', 1, NULL),
(154, '2025-05-12', 1, NULL),
(154, '2025-05-19', 1, NULL),
(154, '2025-05-26', 1, NULL),
(154, '2025-06-02', 0, NULL),
(154, '2025-06-09', 1, NULL),
(155, '2025-03-10', 1, NULL),
(155, '2025-03-17', 1, NULL),
(155, '2025-03-24', 0, NULL),
(155, '2025-03-31', 1, NULL),
(155, '2025-04-07', 1, NULL),
(155, '2025-04-28', 1, NULL),
(155, '2025-05-05', 1, NULL),
(155, '2025-05-12', 1, NULL),
(155, '2025-05-19', 1, NULL),
(155, '2025-05-26', 1, NULL),
(155, '2025-06-02', 0, NULL),
(155, '2025-06-09', 1, NULL),
(156, '2025-03-10', 1, NULL),
(156, '2025-03-17', 1, NULL),
(156, '2025-03-24', 1, NULL),
(156, '2025-03-31', 0, NULL),
(156, '2025-04-07', 1, NULL),
(156, '2025-04-28', 0, NULL),
(156, '2025-05-05', 1, NULL),
(156, '2025-05-12', 1, NULL),
(156, '2025-05-19', 0, NULL),
(156, '2025-05-26', 1, NULL),
(156, '2025-06-02', 1, NULL),
(156, '2025-06-09', 1, NULL),
(157, '2025-03-10', 1, NULL),
(157, '2025-03-17', 0, NULL),
(157, '2025-03-24', 1, NULL),
(157, '2025-03-31', 0, NULL),
(157, '2025-04-07', 0, NULL),
(157, '2025-04-28', 1, NULL),
(157, '2025-05-05', 1, NULL),
(157, '2025-05-12', 1, NULL),
(157, '2025-05-19', 0, NULL),
(157, '2025-05-26', 1, NULL),
(157, '2025-06-02', 1, NULL),
(157, '2025-06-09', 0, NULL),
(158, '2025-03-10', 1, NULL),
(158, '2025-03-17', 1, NULL),
(158, '2025-03-24', 1, NULL),
(158, '2025-03-31', 1, NULL),
(158, '2025-04-07', 1, NULL),
(158, '2025-04-28', 1, NULL),
(158, '2025-05-05', 1, NULL),
(158, '2025-05-12', 1, NULL),
(158, '2025-05-19', 1, NULL),
(158, '2025-05-26', 1, NULL),
(158, '2025-06-02', 0, NULL),
(158, '2025-06-09', 1, NULL),
(162, '2025-03-10', 1, NULL),
(162, '2025-03-17', 0, NULL),
(162, '2025-03-24', 1, NULL),
(162, '2025-03-31', 1, NULL),
(162, '2025-04-07', 1, NULL),
(162, '2025-04-28', 1, NULL),
(162, '2025-05-05', 1, NULL),
(162, '2025-05-12', 1, NULL),
(162, '2025-05-19', 1, NULL),
(162, '2025-05-26', 1, NULL),
(162, '2025-06-02', 1, NULL),
(162, '2025-06-09', 0, NULL),
(163, '2025-03-10', 1, NULL),
(163, '2025-03-17', 1, NULL),
(163, '2025-03-24', 1, NULL),
(163, '2025-03-31', 0, NULL),
(163, '2025-04-07', 1, NULL),
(163, '2025-04-28', 1, NULL),
(163, '2025-05-05', 1, NULL),
(163, '2025-05-12', 1, NULL),
(163, '2025-05-19', 1, NULL),
(163, '2025-05-26', 1, NULL),
(163, '2025-06-02', 1, NULL),
(163, '2025-06-09', 1, NULL),
(164, '2025-03-10', 0, NULL),
(164, '2025-03-17', 1, NULL),
(164, '2025-03-24', 1, NULL),
(164, '2025-03-31', 1, NULL),
(164, '2025-04-07', 1, NULL),
(164, '2025-04-28', 1, NULL),
(164, '2025-05-05', 1, NULL),
(164, '2025-05-12', 0, NULL),
(164, '2025-05-19', 0, NULL),
(164, '2025-05-26', 1, NULL),
(164, '2025-06-02', 1, NULL),
(164, '2025-06-09', 1, NULL),
(165, '2025-03-10', 0, NULL),
(165, '2025-03-17', 1, NULL),
(165, '2025-03-24', 1, NULL),
(165, '2025-03-31', 1, NULL),
(165, '2025-04-07', 1, NULL),
(165, '2025-04-28', 1, NULL),
(165, '2025-05-05', 0, NULL),
(165, '2025-05-12', 1, NULL),
(165, '2025-05-19', 1, NULL),
(165, '2025-05-26', 1, NULL),
(165, '2025-06-02', 1, NULL),
(165, '2025-06-09', 1, NULL),
(166, '2025-03-10', 0, NULL),
(166, '2025-03-17', 0, NULL),
(166, '2025-03-24', 1, NULL),
(166, '2025-03-31', 1, NULL),
(166, '2025-04-07', 1, NULL),
(166, '2025-04-28', 1, NULL),
(166, '2025-05-05', 1, NULL),
(166, '2025-05-12', 1, NULL),
(166, '2025-05-19', 1, NULL),
(166, '2025-05-26', 1, NULL),
(166, '2025-06-02', 1, NULL),
(166, '2025-06-09', 1, NULL),
(167, '2025-03-10', 0, NULL),
(167, '2025-03-17', 1, NULL),
(167, '2025-03-24', 1, NULL),
(167, '2025-03-31', 1, NULL),
(167, '2025-04-07', 0, NULL),
(167, '2025-04-28', 1, NULL),
(167, '2025-05-05', 1, NULL),
(167, '2025-05-12', 1, NULL),
(167, '2025-05-19', 0, NULL),
(167, '2025-05-26', 1, NULL),
(167, '2025-06-02', 1, NULL),
(167, '2025-06-09', 1, NULL),
(168, '2025-03-10', 0, NULL),
(168, '2025-03-17', 1, NULL),
(168, '2025-03-24', 1, NULL),
(168, '2025-03-31', 1, NULL),
(168, '2025-04-07', 1, NULL),
(168, '2025-04-28', 1, NULL),
(168, '2025-05-05', 0, NULL),
(168, '2025-05-12', 1, NULL),
(168, '2025-05-19', 1, NULL),
(168, '2025-05-26', 1, NULL),
(168, '2025-06-02', 1, NULL),
(168, '2025-06-09', 1, NULL),
(169, '2025-03-10', 1, NULL),
(169, '2025-03-17', 0, NULL),
(169, '2025-03-24', 1, NULL),
(169, '2025-03-31', 1, NULL),
(169, '2025-04-07', 0, NULL),
(169, '2025-04-28', 1, NULL),
(169, '2025-05-05', 1, NULL),
(169, '2025-05-12', 1, NULL),
(169, '2025-05-19', 1, NULL),
(169, '2025-05-26', 1, NULL),
(169, '2025-06-02', 1, NULL),
(169, '2025-06-09', 1, NULL),
(177, '2025-03-10', 1, NULL),
(177, '2025-03-17', 1, NULL),
(177, '2025-03-24', 0, NULL),
(177, '2025-03-31', 1, NULL),
(177, '2025-04-07', 1, NULL),
(177, '2025-04-28', 1, NULL),
(177, '2025-05-05', 1, NULL),
(177, '2025-05-12', 1, NULL),
(177, '2025-05-19', 1, NULL),
(177, '2025-05-26', 1, NULL),
(177, '2025-06-02', 0, NULL),
(177, '2025-06-09', 1, NULL),
(178, '2025-03-10', 1, NULL),
(178, '2025-03-17', 1, NULL),
(178, '2025-03-24', 1, NULL),
(178, '2025-03-31', 1, NULL),
(178, '2025-04-07', 1, NULL),
(178, '2025-04-28', 1, NULL),
(178, '2025-05-05', 0, NULL),
(178, '2025-05-12', 1, NULL),
(178, '2025-05-19', 0, NULL),
(178, '2025-05-26', 0, NULL),
(178, '2025-06-02', 1, NULL),
(178, '2025-06-09', 0, NULL),
(179, '2025-03-10', 1, NULL),
(179, '2025-03-17', 1, NULL),
(179, '2025-03-24', 1, NULL),
(179, '2025-03-31', 1, NULL),
(179, '2025-04-07', 1, NULL),
(179, '2025-04-28', 1, NULL),
(179, '2025-05-05', 1, NULL),
(179, '2025-05-12', 1, NULL),
(179, '2025-05-19', 1, NULL),
(179, '2025-05-26', 1, NULL),
(179, '2025-06-02', 1, NULL),
(179, '2025-06-09', 1, NULL),
(180, '2025-03-10', 1, NULL),
(180, '2025-03-17', 0, NULL),
(180, '2025-03-24', 1, NULL),
(180, '2025-03-31', 1, NULL),
(180, '2025-04-07', 1, NULL),
(180, '2025-04-28', 0, NULL),
(180, '2025-05-05', 1, NULL),
(180, '2025-05-12', 1, NULL),
(180, '2025-05-19', 1, NULL),
(180, '2025-05-26', 1, NULL),
(180, '2025-06-02', 1, NULL),
(180, '2025-06-09', 1, NULL),
(181, '2025-03-10', 1, NULL),
(181, '2025-03-17', 1, NULL),
(181, '2025-03-24', 1, NULL),
(181, '2025-03-31', 0, NULL),
(181, '2025-04-07', 1, NULL),
(181, '2025-04-28', 1, NULL),
(181, '2025-05-05', 1, NULL),
(181, '2025-05-12', 1, NULL),
(181, '2025-05-19', 1, NULL),
(181, '2025-05-26', 1, NULL),
(181, '2025-06-02', 1, NULL),
(181, '2025-06-09', 1, NULL),
(182, '2025-03-10', 1, NULL),
(182, '2025-03-17', 1, NULL),
(182, '2025-03-24', 1, NULL),
(182, '2025-03-31', 0, NULL),
(182, '2025-04-07', 1, NULL),
(182, '2025-04-28', 1, NULL),
(182, '2025-05-05', 1, NULL),
(182, '2025-05-12', 1, NULL),
(182, '2025-05-19', 1, NULL),
(182, '2025-05-26', 1, NULL),
(182, '2025-06-02', 1, NULL),
(182, '2025-06-09', 1, NULL),
(183, '2025-03-10', 1, NULL),
(183, '2025-03-17', 1, NULL),
(183, '2025-03-24', 1, NULL),
(183, '2025-03-31', 1, NULL),
(183, '2025-04-07', 1, NULL),
(183, '2025-04-28', 1, NULL),
(183, '2025-05-05', 0, NULL),
(183, '2025-05-12', 1, NULL),
(183, '2025-05-19', 1, NULL),
(183, '2025-05-26', 1, NULL),
(183, '2025-06-02', 1, NULL),
(183, '2025-06-09', 1, NULL),
(184, '2025-03-10', 1, NULL),
(184, '2025-03-17', 1, NULL),
(184, '2025-03-24', 0, NULL),
(184, '2025-03-31', 1, NULL),
(184, '2025-04-07', 1, NULL),
(184, '2025-04-28', 1, NULL),
(184, '2025-05-05', 1, NULL),
(184, '2025-05-12', 1, NULL),
(184, '2025-05-19', 1, NULL),
(184, '2025-05-26', 1, NULL),
(184, '2025-06-02', 1, NULL),
(184, '2025-06-09', 1, NULL),
(185, '2025-03-10', 1, NULL),
(185, '2025-03-17', 1, NULL),
(185, '2025-03-24', 1, NULL),
(185, '2025-03-31', 0, NULL),
(185, '2025-04-07', 1, NULL),
(185, '2025-04-28', 0, NULL),
(185, '2025-05-05', 1, NULL),
(185, '2025-05-12', 1, NULL),
(185, '2025-05-19', 1, NULL),
(185, '2025-05-26', 1, NULL),
(185, '2025-06-02', 1, NULL),
(185, '2025-06-09', 1, NULL),
(186, '2025-03-10', 1, NULL),
(186, '2025-03-17', 1, NULL),
(186, '2025-03-24', 1, NULL),
(186, '2025-03-31', 1, NULL),
(186, '2025-04-07', 0, NULL),
(186, '2025-04-28', 1, NULL),
(186, '2025-05-05', 1, NULL),
(186, '2025-05-12', 1, NULL),
(186, '2025-05-19', 1, NULL),
(186, '2025-05-26', 1, NULL),
(186, '2025-06-02', 1, NULL),
(186, '2025-06-09', 1, NULL),
(187, '2025-03-10', 1, NULL),
(187, '2025-03-17', 1, NULL),
(187, '2025-03-24', 1, NULL),
(187, '2025-03-31', 1, NULL),
(187, '2025-04-07', 1, NULL),
(187, '2025-04-28', 1, NULL),
(187, '2025-05-05', 1, NULL),
(187, '2025-05-12', 1, NULL),
(187, '2025-05-19', 1, NULL),
(187, '2025-05-26', 1, NULL),
(187, '2025-06-02', 1, NULL),
(187, '2025-06-09', 1, NULL),
(188, '2025-03-10', 1, NULL),
(188, '2025-03-17', 1, NULL),
(188, '2025-03-24', 1, NULL),
(188, '2025-03-31', 1, NULL),
(188, '2025-04-07', 1, NULL),
(188, '2025-04-28', 1, NULL),
(188, '2025-05-05', 1, NULL),
(188, '2025-05-12', 1, NULL),
(188, '2025-05-19', 1, NULL),
(188, '2025-05-26', 1, NULL),
(188, '2025-06-02', 1, NULL),
(188, '2025-06-09', 1, NULL),
(189, '2025-03-10', 0, NULL),
(189, '2025-03-17', 1, NULL),
(189, '2025-03-24', 1, NULL),
(189, '2025-03-31', 1, NULL),
(189, '2025-04-07', 1, NULL),
(189, '2025-04-28', 0, NULL),
(189, '2025-05-05', 1, NULL),
(189, '2025-05-12', 1, NULL),
(189, '2025-05-19', 1, NULL),
(189, '2025-05-26', 0, NULL),
(189, '2025-06-02', 1, NULL),
(189, '2025-06-09', 1, NULL),
(190, '2025-03-10', 1, NULL),
(190, '2025-03-17', 1, NULL),
(190, '2025-03-24', 0, NULL),
(190, '2025-03-31', 1, NULL),
(190, '2025-04-07', 1, NULL),
(190, '2025-04-28', 1, NULL),
(190, '2025-05-05', 1, NULL),
(190, '2025-05-12', 0, NULL),
(190, '2025-05-19', 1, NULL),
(190, '2025-05-26', 1, NULL),
(190, '2025-06-02', 0, NULL),
(190, '2025-06-09', 1, NULL),
(191, '2025-07-28', 1, NULL),
(191, '2025-08-04', 1, NULL),
(191, '2025-08-11', 1, NULL),
(191, '2025-08-18', 1, NULL),
(191, '2025-08-25', 1, NULL),
(191, '2025-09-01', 1, NULL),
(191, '2025-09-08', 1, NULL),
(191, '2025-09-15', 1, NULL),
(191, '2025-09-22', 1, NULL),
(191, '2025-10-06', 1, NULL),
(191, '2025-10-13', 1, NULL),
(191, '2025-10-20', 0, NULL),
(192, '2025-07-28', 1, NULL),
(192, '2025-08-04', 1, NULL),
(192, '2025-08-11', 0, NULL),
(192, '2025-08-18', 1, NULL),
(192, '2025-08-25', 0, NULL),
(192, '2025-09-01', 1, NULL),
(192, '2025-09-08', 1, NULL),
(192, '2025-09-15', 0, NULL),
(192, '2025-09-22', 1, NULL),
(192, '2025-10-06', 1, NULL),
(192, '2025-10-13', 1, NULL),
(192, '2025-10-20', 1, NULL),
(193, '2025-07-28', 1, NULL),
(193, '2025-08-04', 1, NULL),
(193, '2025-08-11', 1, NULL),
(193, '2025-08-18', 1, NULL),
(193, '2025-08-25', 1, NULL),
(193, '2025-09-01', 1, NULL),
(193, '2025-09-08', 1, NULL),
(193, '2025-09-15', 1, NULL),
(193, '2025-09-22', 0, NULL),
(193, '2025-10-06', 1, NULL),
(193, '2025-10-13', 1, NULL),
(193, '2025-10-20', 1, NULL),
(194, '2025-07-28', 1, NULL),
(194, '2025-08-04', 0, NULL),
(194, '2025-08-11', 1, NULL),
(194, '2025-08-18', 1, NULL),
(194, '2025-08-25', 1, NULL),
(194, '2025-09-01', 1, NULL),
(194, '2025-09-08', 1, NULL),
(194, '2025-09-15', 1, NULL),
(194, '2025-09-22', 1, NULL),
(194, '2025-10-06', 1, NULL),
(194, '2025-10-13', 1, NULL),
(194, '2025-10-20', 1, NULL),
(195, '2025-07-28', 1, NULL),
(195, '2025-08-04', 1, NULL),
(195, '2025-08-11', 1, NULL),
(195, '2025-08-18', 1, NULL),
(195, '2025-08-25', 1, NULL),
(195, '2025-09-01', 1, NULL),
(195, '2025-09-08', 1, NULL),
(195, '2025-09-15', 1, NULL),
(195, '2025-09-22', 1, NULL),
(195, '2025-10-06', 1, NULL),
(195, '2025-10-13', 1, NULL),
(195, '2025-10-20', 1, NULL),
(196, '2025-07-28', 1, NULL),
(196, '2025-08-04', 1, NULL),
(196, '2025-08-11', 1, NULL),
(196, '2025-08-18', 1, NULL),
(196, '2025-08-25', 1, NULL),
(196, '2025-09-01', 1, NULL),
(196, '2025-09-08', 1, NULL),
(196, '2025-09-15', 1, NULL),
(196, '2025-09-22', 1, NULL),
(196, '2025-10-06', 1, NULL),
(196, '2025-10-13', 1, NULL),
(196, '2025-10-20', 1, NULL),
(197, '2025-07-28', 1, NULL),
(197, '2025-08-04', 1, NULL),
(197, '2025-08-11', 0, NULL),
(197, '2025-08-18', 0, NULL),
(197, '2025-08-25', 1, NULL),
(197, '2025-09-01', 1, NULL),
(197, '2025-09-08', 1, NULL),
(197, '2025-09-15', 0, NULL),
(197, '2025-09-22', 1, NULL),
(197, '2025-10-06', 0, NULL),
(197, '2025-10-13', 1, NULL),
(197, '2025-10-20', 1, NULL),
(198, '2025-07-28', 0, NULL),
(198, '2025-08-04', 1, NULL),
(198, '2025-08-11', 0, NULL),
(198, '2025-08-18', 0, NULL),
(198, '2025-08-25', 0, NULL),
(198, '2025-09-01', 1, NULL),
(198, '2025-09-08', 1, NULL),
(198, '2025-09-15', 1, NULL),
(198, '2025-09-22', 1, NULL),
(198, '2025-10-06', 0, NULL),
(198, '2025-10-13', 1, NULL),
(198, '2025-10-20', 1, NULL),
(199, '2025-07-28', 1, NULL),
(199, '2025-08-04', 1, NULL),
(199, '2025-08-11', 1, NULL),
(199, '2025-08-18', 1, NULL),
(199, '2025-08-25', 1, NULL),
(199, '2025-09-01', 1, NULL),
(199, '2025-09-08', 1, NULL),
(199, '2025-09-15', 1, NULL),
(199, '2025-09-22', 1, NULL),
(199, '2025-10-06', 1, NULL),
(199, '2025-10-13', 1, NULL),
(199, '2025-10-20', 0, NULL),
(200, '2025-07-28', 0, NULL),
(200, '2025-08-04', 1, NULL),
(200, '2025-08-11', 0, NULL),
(200, '2025-08-18', 1, NULL),
(200, '2025-08-25', 1, NULL),
(200, '2025-09-01', 1, NULL),
(200, '2025-09-08', 1, NULL),
(200, '2025-09-15', 1, NULL),
(200, '2025-09-22', 0, NULL),
(200, '2025-10-06', 1, NULL),
(200, '2025-10-13', 1, NULL),
(200, '2025-10-20', 0, NULL),
(206, '2025-07-28', 1, NULL),
(206, '2025-08-04', 1, NULL),
(206, '2025-08-11', 1, NULL),
(206, '2025-08-18', 0, NULL),
(206, '2025-08-25', 1, NULL),
(206, '2025-09-01', 1, NULL),
(206, '2025-09-08', 1, NULL),
(206, '2025-09-15', 1, NULL),
(206, '2025-09-22', 1, NULL),
(206, '2025-10-06', 1, NULL),
(206, '2025-10-13', 1, NULL),
(206, '2025-10-20', 1, NULL),
(207, '2025-07-28', 1, NULL),
(207, '2025-08-04', 1, NULL),
(207, '2025-08-11', 0, NULL),
(207, '2025-08-18', 0, NULL),
(207, '2025-08-25', 1, NULL),
(207, '2025-09-01', 1, NULL),
(207, '2025-09-08', 1, NULL),
(207, '2025-09-15', 1, NULL),
(207, '2025-09-22', 0, NULL),
(207, '2025-10-06', 1, NULL),
(207, '2025-10-13', 1, NULL),
(207, '2025-10-20', 1, NULL),
(208, '2025-07-28', 1, NULL),
(208, '2025-08-04', 1, NULL),
(208, '2025-08-11', 1, NULL),
(208, '2025-08-18', 1, NULL),
(208, '2025-08-25', 1, NULL),
(208, '2025-09-01', 1, NULL),
(208, '2025-09-08', 1, NULL),
(208, '2025-09-15', 1, NULL),
(208, '2025-09-22', 1, NULL),
(208, '2025-10-06', 1, NULL),
(208, '2025-10-13', 1, NULL),
(208, '2025-10-20', 1, NULL),
(209, '2025-07-28', 1, NULL),
(209, '2025-08-04', 1, NULL),
(209, '2025-08-11', 1, NULL),
(209, '2025-08-18', 1, NULL),
(209, '2025-08-25', 1, NULL),
(209, '2025-09-01', 1, NULL),
(209, '2025-09-08', 0, NULL),
(209, '2025-09-15', 1, NULL),
(209, '2025-09-22', 1, NULL),
(209, '2025-10-06', 1, NULL),
(209, '2025-10-13', 1, NULL),
(209, '2025-10-20', 1, NULL),
(210, '2025-07-28', 1, NULL),
(210, '2025-08-04', 1, NULL),
(210, '2025-08-11', 1, NULL),
(210, '2025-08-18', 1, NULL),
(210, '2025-08-25', 1, NULL),
(210, '2025-09-01', 1, NULL),
(210, '2025-09-08', 1, NULL),
(210, '2025-09-15', 1, NULL),
(210, '2025-09-22', 0, NULL),
(210, '2025-10-06', 0, NULL),
(210, '2025-10-13', 1, NULL),
(210, '2025-10-20', 1, NULL),
(211, '2025-07-28', 1, NULL),
(211, '2025-08-04', 1, NULL),
(211, '2025-08-11', 1, NULL),
(211, '2025-08-18', 0, NULL),
(211, '2025-08-25', 1, NULL),
(211, '2025-09-01', 1, NULL),
(211, '2025-09-08', 0, NULL),
(211, '2025-09-15', 1, NULL),
(211, '2025-09-22', 0, NULL),
(211, '2025-10-06', 1, NULL),
(211, '2025-10-13', 1, NULL),
(211, '2025-10-20', 1, NULL),
(212, '2025-07-28', 1, NULL),
(212, '2025-08-04', 1, NULL),
(212, '2025-08-11', 1, NULL),
(212, '2025-08-18', 0, NULL),
(212, '2025-08-25', 1, NULL),
(212, '2025-09-01', 0, NULL),
(212, '2025-09-08', 1, NULL),
(212, '2025-09-15', 1, NULL),
(212, '2025-09-22', 1, NULL),
(212, '2025-10-06', 1, NULL),
(212, '2025-10-13', 1, NULL),
(212, '2025-10-20', 0, NULL),
(213, '2025-07-28', 1, NULL),
(213, '2025-08-04', 1, NULL),
(213, '2025-08-11', 1, NULL),
(213, '2025-08-18', 1, NULL),
(213, '2025-08-25', 1, NULL),
(213, '2025-09-01', 0, NULL),
(213, '2025-09-08', 1, NULL),
(213, '2025-09-15', 1, NULL),
(213, '2025-09-22', 1, NULL),
(213, '2025-10-06', 1, NULL),
(213, '2025-10-13', 1, NULL),
(213, '2025-10-20', 1, NULL),
(214, '2025-07-28', 0, NULL),
(214, '2025-08-04', 1, NULL),
(214, '2025-08-11', 0, NULL),
(214, '2025-08-18', 1, NULL),
(214, '2025-08-25', 1, NULL),
(214, '2025-09-01', 1, NULL),
(214, '2025-09-08', 1, NULL),
(214, '2025-09-15', 0, NULL),
(214, '2025-09-22', 1, NULL),
(214, '2025-10-06', 1, NULL),
(214, '2025-10-13', 1, NULL),
(214, '2025-10-20', 1, NULL),
(215, '2025-07-28', 1, NULL),
(215, '2025-08-04', 1, NULL),
(215, '2025-08-11', 1, NULL),
(215, '2025-08-18', 1, NULL),
(215, '2025-08-25', 1, NULL),
(215, '2025-09-01', 1, NULL),
(215, '2025-09-08', 1, NULL),
(215, '2025-09-15', 0, NULL),
(215, '2025-09-22', 1, NULL),
(215, '2025-10-06', 1, NULL),
(215, '2025-10-13', 1, NULL),
(215, '2025-10-20', 1, NULL),
(221, '2025-07-28', 1, NULL),
(221, '2025-08-04', 0, NULL),
(221, '2025-08-11', 1, NULL),
(221, '2025-08-18', 0, NULL),
(221, '2025-08-25', 0, NULL),
(221, '2025-09-01', 1, NULL),
(221, '2025-09-08', 1, NULL),
(221, '2025-09-15', 1, NULL),
(221, '2025-09-22', 1, NULL),
(221, '2025-10-06', 1, NULL),
(221, '2025-10-13', 0, NULL),
(221, '2025-10-20', 1, NULL),
(222, '2025-07-28', 0, NULL),
(222, '2025-08-04', 1, NULL),
(222, '2025-08-11', 1, NULL),
(222, '2025-08-18', 1, NULL),
(222, '2025-08-25', 1, NULL),
(222, '2025-09-01', 1, NULL),
(222, '2025-09-08', 1, NULL),
(222, '2025-09-15', 1, NULL),
(222, '2025-09-22', 0, NULL),
(222, '2025-10-06', 1, NULL),
(222, '2025-10-13', 1, NULL),
(222, '2025-10-20', 1, NULL),
(223, '2025-07-28', 1, NULL),
(223, '2025-08-04', 1, NULL),
(223, '2025-08-11', 1, NULL),
(223, '2025-08-18', 1, NULL),
(223, '2025-08-25', 1, NULL),
(223, '2025-09-01', 1, NULL),
(223, '2025-09-08', 1, NULL),
(223, '2025-09-15', 1, NULL),
(223, '2025-09-22', 1, NULL),
(223, '2025-10-06', 1, NULL),
(223, '2025-10-13', 1, NULL),
(223, '2025-10-20', 1, NULL),
(224, '2025-07-28', 1, NULL),
(224, '2025-08-04', 1, NULL),
(224, '2025-08-11', 0, NULL),
(224, '2025-08-18', 0, NULL),
(224, '2025-08-25', 1, NULL),
(224, '2025-09-01', 1, NULL),
(224, '2025-09-08', 1, NULL),
(224, '2025-09-15', 1, NULL),
(224, '2025-09-22', 0, NULL),
(224, '2025-10-06', 0, NULL),
(224, '2025-10-13', 1, NULL),
(224, '2025-10-20', 1, NULL),
(225, '2025-07-28', 1, NULL),
(225, '2025-08-04', 1, NULL),
(225, '2025-08-11', 1, NULL),
(225, '2025-08-18', 1, NULL),
(225, '2025-08-25', 1, NULL),
(225, '2025-09-01', 1, NULL),
(225, '2025-09-08', 1, NULL),
(225, '2025-09-15', 1, NULL),
(225, '2025-09-22', 0, NULL),
(225, '2025-10-06', 1, NULL),
(225, '2025-10-13', 0, NULL),
(225, '2025-10-20', 1, NULL),
(226, '2025-07-28', 1, NULL),
(226, '2025-08-04', 1, NULL),
(226, '2025-08-11', 1, NULL),
(226, '2025-08-18', 1, NULL),
(226, '2025-08-25', 1, NULL),
(226, '2025-09-01', 1, NULL),
(226, '2025-09-08', 1, NULL),
(226, '2025-09-15', 1, NULL),
(226, '2025-09-22', 1, NULL),
(226, '2025-10-06', 1, NULL),
(226, '2025-10-13', 1, NULL),
(226, '2025-10-20', 1, NULL),
(227, '2025-07-28', 0, NULL),
(227, '2025-08-04', 1, NULL),
(227, '2025-08-11', 1, NULL),
(227, '2025-08-18', 1, NULL),
(227, '2025-08-25', 1, NULL),
(227, '2025-09-01', 1, NULL),
(227, '2025-09-08', 1, NULL),
(227, '2025-09-15', 1, NULL),
(227, '2025-09-22', 1, NULL),
(227, '2025-10-06', 1, NULL),
(227, '2025-10-13', 1, NULL),
(227, '2025-10-20', 1, NULL),
(228, '2025-07-28', 1, NULL),
(228, '2025-08-04', 1, NULL),
(228, '2025-08-11', 1, NULL),
(228, '2025-08-18', 1, NULL),
(228, '2025-08-25', 1, NULL),
(228, '2025-09-01', 1, NULL),
(228, '2025-09-08', 1, NULL),
(228, '2025-09-15', 1, NULL),
(228, '2025-09-22', 1, NULL),
(228, '2025-10-06', 1, NULL),
(228, '2025-10-13', 1, NULL),
(228, '2025-10-20', 1, NULL),
(236, '2025-07-28', 1, NULL),
(236, '2025-08-04', 1, NULL),
(236, '2025-08-11', 0, NULL),
(236, '2025-08-18', 0, NULL),
(236, '2025-08-25', 1, NULL),
(236, '2025-09-01', 1, NULL),
(236, '2025-09-08', 1, NULL),
(236, '2025-09-15', 1, NULL),
(236, '2025-09-22', 1, NULL),
(236, '2025-10-06', 1, NULL),
(236, '2025-10-13', 1, NULL),
(236, '2025-10-20', 1, NULL),
(237, '2025-07-28', 1, NULL),
(237, '2025-08-04', 0, NULL),
(237, '2025-08-11', 1, NULL),
(237, '2025-08-18', 1, NULL),
(237, '2025-08-25', 1, NULL),
(237, '2025-09-01', 1, NULL),
(237, '2025-09-08', 0, NULL),
(237, '2025-09-15', 1, NULL),
(237, '2025-09-22', 1, NULL),
(237, '2025-10-06', 1, NULL),
(237, '2025-10-13', 1, NULL),
(237, '2025-10-20', 1, NULL),
(238, '2025-07-28', 1, NULL),
(238, '2025-08-04', 1, NULL),
(238, '2025-08-11', 1, NULL),
(238, '2025-08-18', 1, NULL),
(238, '2025-08-25', 1, NULL),
(238, '2025-09-01', 0, NULL),
(238, '2025-09-08', 1, NULL),
(238, '2025-09-15', 1, NULL),
(238, '2025-09-22', 1, NULL),
(238, '2025-10-06', 1, NULL),
(238, '2025-10-13', 1, NULL),
(238, '2025-10-20', 1, NULL),
(239, '2025-07-28', 0, NULL),
(239, '2025-08-04', 1, NULL),
(239, '2025-08-11', 1, NULL),
(239, '2025-08-18', 0, NULL),
(239, '2025-08-25', 0, NULL),
(239, '2025-09-01', 1, NULL),
(239, '2025-09-08', 0, NULL),
(239, '2025-09-15', 1, NULL),
(239, '2025-09-22', 1, NULL),
(239, '2025-10-06', 1, NULL),
(239, '2025-10-13', 0, NULL),
(239, '2025-10-20', 0, NULL),
(240, '2025-07-28', 1, NULL),
(240, '2025-08-04', 1, NULL),
(240, '2025-08-11', 1, NULL),
(240, '2025-08-18', 1, NULL),
(240, '2025-08-25', 0, NULL),
(240, '2025-09-01', 1, NULL),
(240, '2025-09-08', 1, NULL),
(240, '2025-09-15', 0, NULL),
(240, '2025-09-22', 0, NULL),
(240, '2025-10-06', 1, NULL),
(240, '2025-10-13', 1, NULL),
(240, '2025-10-20', 1, NULL),
(241, '2025-07-28', 0, NULL),
(241, '2025-08-04', 1, NULL),
(241, '2025-08-11', 1, NULL),
(241, '2025-08-18', 1, NULL),
(241, '2025-08-25', 1, NULL),
(241, '2025-09-01', 1, NULL),
(241, '2025-09-08', 1, NULL),
(241, '2025-09-15', 1, NULL),
(241, '2025-09-22', 1, NULL),
(241, '2025-10-06', 1, NULL),
(241, '2025-10-13', 1, NULL),
(241, '2025-10-20', 1, NULL),
(242, '2025-07-28', 1, NULL),
(242, '2025-08-04', 1, NULL),
(242, '2025-08-11', 1, NULL),
(242, '2025-08-18', 1, NULL),
(242, '2025-08-25', 1, NULL),
(242, '2025-09-01', 1, NULL),
(242, '2025-09-08', 1, NULL),
(242, '2025-09-15', 1, NULL),
(242, '2025-09-22', 1, NULL),
(242, '2025-10-06', 1, NULL),
(242, '2025-10-13', 1, NULL),
(242, '2025-10-20', 1, NULL),
(243, '2026-03-09', 1, NULL),
(243, '2026-03-16', 1, NULL),
(243, '2026-03-23', 0, NULL),
(243, '2026-03-30', 1, NULL),
(243, '2026-04-06', 1, NULL),
(243, '2026-04-13', 1, NULL),
(243, '2026-04-27', 1, NULL),
(243, '2026-05-04', 1, NULL),
(243, '2026-05-11', 0, NULL),
(244, '2026-03-09', 1, NULL),
(244, '2026-03-16', 0, NULL),
(244, '2026-03-23', 1, NULL),
(244, '2026-03-30', 0, NULL),
(244, '2026-04-06', 1, NULL),
(244, '2026-04-13', 0, NULL),
(244, '2026-04-27', 0, NULL),
(244, '2026-05-04', 1, NULL),
(244, '2026-05-11', 1, NULL),
(245, '2026-03-09', 1, NULL),
(245, '2026-03-16', 1, NULL),
(245, '2026-03-23', 1, NULL),
(245, '2026-03-30', 1, NULL),
(245, '2026-04-06', 1, NULL),
(245, '2026-04-13', 1, NULL),
(245, '2026-04-27', 1, NULL),
(245, '2026-05-04', 1, NULL),
(245, '2026-05-11', 1, NULL),
(246, '2026-03-09', 0, NULL),
(246, '2026-03-16', 0, NULL),
(246, '2026-03-23', 1, NULL),
(246, '2026-03-30', 1, NULL),
(246, '2026-04-06', 0, NULL),
(246, '2026-04-13', 1, NULL),
(246, '2026-04-27', 1, NULL),
(246, '2026-05-04', 1, NULL),
(246, '2026-05-11', 1, NULL),
(247, '2026-03-09', 1, NULL),
(247, '2026-03-16', 1, NULL),
(247, '2026-03-23', 1, NULL),
(247, '2026-03-30', 1, NULL),
(247, '2026-04-06', 1, NULL),
(247, '2026-04-13', 0, NULL),
(247, '2026-04-27', 1, NULL),
(247, '2026-05-04', 0, NULL),
(247, '2026-05-11', 1, NULL),
(248, '2026-03-09', 1, NULL),
(248, '2026-03-16', 1, NULL),
(248, '2026-03-23', 1, NULL),
(248, '2026-03-30', 1, NULL),
(248, '2026-04-06', 1, NULL),
(248, '2026-04-13', 0, NULL),
(248, '2026-04-27', 1, NULL),
(248, '2026-05-04', 1, NULL),
(248, '2026-05-11', 0, NULL),
(249, '2026-03-09', 1, NULL),
(249, '2026-03-16', 1, NULL),
(249, '2026-03-23', 1, NULL),
(249, '2026-03-30', 1, NULL),
(249, '2026-04-06', 1, NULL),
(249, '2026-04-13', 1, NULL),
(249, '2026-04-27', 1, NULL),
(249, '2026-05-04', 0, NULL),
(249, '2026-05-11', 1, NULL),
(250, '2026-03-09', 1, NULL),
(250, '2026-03-16', 1, NULL),
(250, '2026-03-23', 1, NULL),
(250, '2026-03-30', 1, NULL),
(250, '2026-04-06', 1, NULL),
(250, '2026-04-13', 1, NULL),
(250, '2026-04-27', 1, NULL),
(250, '2026-05-04', 1, NULL),
(250, '2026-05-11', 1, NULL),
(251, '2026-03-09', 0, NULL),
(251, '2026-03-16', 1, NULL),
(251, '2026-03-23', 0, NULL),
(251, '2026-03-30', 1, NULL),
(251, '2026-04-06', 1, NULL),
(251, '2026-04-13', 1, NULL),
(251, '2026-04-27', 0, NULL),
(251, '2026-05-04', 1, NULL),
(251, '2026-05-11', 1, NULL),
(252, '2026-03-09', 0, NULL),
(252, '2026-03-16', 1, NULL),
(252, '2026-03-23', 1, NULL),
(252, '2026-03-30', 1, NULL),
(252, '2026-04-06', 0, NULL),
(252, '2026-04-13', 1, NULL),
(252, '2026-04-27', 1, NULL),
(252, '2026-05-04', 1, NULL),
(252, '2026-05-11', 1, NULL),
(258, '2026-03-09', 1, NULL),
(258, '2026-03-16', 1, NULL),
(258, '2026-03-23', 1, NULL),
(258, '2026-03-30', 1, NULL),
(258, '2026-04-06', 0, NULL),
(258, '2026-04-13', 1, NULL),
(258, '2026-04-27', 1, NULL),
(258, '2026-05-04', 1, NULL),
(258, '2026-05-11', 1, NULL),
(259, '2026-03-09', 1, NULL),
(259, '2026-03-16', 1, NULL),
(259, '2026-03-23', 1, NULL),
(259, '2026-03-30', 0, NULL),
(259, '2026-04-06', 0, NULL),
(259, '2026-04-13', 1, NULL),
(259, '2026-04-27', 1, NULL),
(259, '2026-05-04', 1, NULL),
(259, '2026-05-11', 1, NULL),
(260, '2026-03-09', 1, NULL),
(260, '2026-03-16', 1, NULL),
(260, '2026-03-23', 0, NULL),
(260, '2026-03-30', 1, NULL),
(260, '2026-04-06', 1, NULL),
(260, '2026-04-13', 1, NULL),
(260, '2026-04-27', 1, NULL),
(260, '2026-05-04', 1, NULL),
(260, '2026-05-11', 1, NULL),
(261, '2026-03-09', 1, NULL),
(261, '2026-03-16', 1, NULL),
(261, '2026-03-23', 1, NULL),
(261, '2026-03-30', 1, NULL),
(261, '2026-04-06', 1, NULL),
(261, '2026-04-13', 1, NULL),
(261, '2026-04-27', 1, NULL),
(261, '2026-05-04', 1, NULL),
(261, '2026-05-11', 1, NULL),
(262, '2026-03-09', 1, NULL),
(262, '2026-03-16', 1, NULL),
(262, '2026-03-23', 1, NULL),
(262, '2026-03-30', 0, NULL),
(262, '2026-04-06', 1, NULL),
(262, '2026-04-13', 1, NULL),
(262, '2026-04-27', 1, NULL),
(262, '2026-05-04', 1, NULL),
(262, '2026-05-11', 1, NULL),
(263, '2026-03-09', 1, NULL),
(263, '2026-03-16', 1, NULL),
(263, '2026-03-23', 1, NULL),
(263, '2026-03-30', 1, NULL),
(263, '2026-04-06', 1, NULL),
(263, '2026-04-13', 0, NULL),
(263, '2026-04-27', 1, NULL),
(263, '2026-05-04', 1, NULL),
(263, '2026-05-11', 1, NULL),
(264, '2026-03-09', 0, NULL),
(264, '2026-03-16', 1, NULL),
(264, '2026-03-23', 1, NULL),
(264, '2026-03-30', 1, NULL),
(264, '2026-04-06', 1, NULL),
(264, '2026-04-13', 0, NULL),
(264, '2026-04-27', 0, NULL),
(264, '2026-05-04', 1, NULL),
(264, '2026-05-11', 1, NULL),
(265, '2026-03-09', 1, NULL),
(265, '2026-03-16', 0, NULL),
(265, '2026-03-23', 0, NULL),
(265, '2026-03-30', 1, NULL),
(265, '2026-04-06', 0, NULL),
(265, '2026-04-13', 1, NULL),
(265, '2026-04-27', 1, NULL),
(265, '2026-05-04', 1, NULL),
(265, '2026-05-11', 1, NULL),
(266, '2026-03-09', 1, NULL),
(266, '2026-03-16', 1, NULL),
(266, '2026-03-23', 1, NULL),
(266, '2026-03-30', 0, NULL),
(266, '2026-04-06', 1, NULL),
(266, '2026-04-13', 1, NULL),
(266, '2026-04-27', 1, NULL),
(266, '2026-05-04', 1, NULL),
(266, '2026-05-11', 1, NULL),
(267, '2026-03-09', 1, NULL),
(267, '2026-03-16', 1, NULL),
(267, '2026-03-23', 1, NULL),
(267, '2026-03-30', 0, NULL),
(267, '2026-04-06', 0, NULL),
(267, '2026-04-13', 0, NULL),
(267, '2026-04-27', 1, NULL),
(267, '2026-05-04', 0, NULL),
(267, '2026-05-11', 1, NULL),
(273, '2026-03-09', 1, NULL),
(273, '2026-03-16', 1, NULL),
(273, '2026-03-23', 0, NULL),
(273, '2026-03-30', 1, NULL),
(273, '2026-04-06', 1, NULL),
(273, '2026-04-13', 1, NULL),
(273, '2026-04-27', 0, NULL),
(273, '2026-05-04', 1, NULL),
(273, '2026-05-11', 0, NULL),
(273, '2026-06-17', 1, ''),
(274, '2026-03-09', 1, NULL),
(274, '2026-03-16', 0, NULL),
(274, '2026-03-23', 1, NULL),
(274, '2026-03-30', 1, NULL),
(274, '2026-04-06', 0, NULL),
(274, '2026-04-13', 1, NULL),
(274, '2026-04-27', 1, NULL),
(274, '2026-05-04', 1, NULL),
(274, '2026-05-11', 0, NULL),
(274, '2026-06-17', 1, ''),
(275, '2026-03-09', 1, NULL),
(275, '2026-03-16', 1, NULL),
(275, '2026-03-23', 1, NULL),
(275, '2026-03-30', 0, NULL),
(275, '2026-04-06', 1, NULL),
(275, '2026-04-13', 1, NULL),
(275, '2026-04-27', 1, NULL),
(275, '2026-05-04', 1, NULL),
(275, '2026-05-11', 0, NULL),
(275, '2026-06-17', 0, ''),
(276, '2026-03-09', 1, NULL),
(276, '2026-03-16', 1, NULL),
(276, '2026-03-23', 0, NULL),
(276, '2026-03-30', 0, NULL),
(276, '2026-04-06', 1, NULL),
(276, '2026-04-13', 1, NULL),
(276, '2026-04-27', 1, NULL),
(276, '2026-05-04', 1, NULL),
(276, '2026-05-11', 1, NULL),
(276, '2026-06-17', 1, ''),
(277, '2026-03-09', 0, NULL),
(277, '2026-03-16', 1, NULL),
(277, '2026-03-23', 1, NULL),
(277, '2026-03-30', 1, NULL),
(277, '2026-04-06', 1, NULL),
(277, '2026-04-13', 1, NULL),
(277, '2026-04-27', 1, NULL),
(277, '2026-05-04', 1, NULL),
(277, '2026-05-11', 1, NULL),
(277, '2026-06-17', 1, ''),
(278, '2026-03-09', 1, NULL),
(278, '2026-03-16', 1, NULL),
(278, '2026-03-23', 1, NULL),
(278, '2026-03-30', 1, NULL),
(278, '2026-04-06', 1, NULL),
(278, '2026-04-13', 1, NULL),
(278, '2026-04-27', 1, NULL),
(278, '2026-05-04', 1, NULL),
(278, '2026-05-11', 1, NULL),
(278, '2026-06-17', 1, ''),
(279, '2026-03-09', 1, NULL),
(279, '2026-03-16', 1, NULL),
(279, '2026-03-23', 1, NULL),
(279, '2026-03-30', 1, NULL),
(279, '2026-04-06', 1, NULL),
(279, '2026-04-13', 1, NULL),
(279, '2026-04-27', 1, NULL),
(279, '2026-05-04', 1, NULL),
(279, '2026-05-11', 1, NULL),
(279, '2026-06-17', 1, ''),
(280, '2026-03-09', 1, NULL),
(280, '2026-03-16', 1, NULL),
(280, '2026-03-23', 1, NULL),
(280, '2026-03-30', 1, NULL),
(280, '2026-04-06', 1, NULL),
(280, '2026-04-13', 1, NULL),
(280, '2026-04-27', 1, NULL),
(280, '2026-05-04', 1, NULL),
(280, '2026-05-11', 1, NULL),
(280, '2026-06-17', 0, ''),
(281, '2026-03-09', 1, NULL),
(281, '2026-03-16', 1, NULL),
(281, '2026-03-23', 1, NULL),
(281, '2026-03-30', 0, NULL),
(281, '2026-04-06', 0, NULL),
(281, '2026-04-13', 1, NULL),
(281, '2026-04-27', 1, NULL),
(281, '2026-05-04', 1, NULL),
(281, '2026-05-11', 1, NULL),
(281, '2026-06-17', 1, ''),
(282, '2026-03-09', 1, NULL),
(282, '2026-03-16', 0, NULL),
(282, '2026-03-23', 1, NULL),
(282, '2026-03-30', 1, NULL),
(282, '2026-04-06', 1, NULL),
(282, '2026-04-13', 1, NULL),
(282, '2026-04-27', 1, NULL),
(282, '2026-05-04', 0, NULL),
(282, '2026-05-11', 1, NULL),
(282, '2026-06-17', 1, ''),
(283, '2026-03-09', 1, NULL),
(283, '2026-03-16', 1, NULL),
(283, '2026-03-23', 1, NULL),
(283, '2026-03-30', 1, NULL),
(283, '2026-04-06', 1, NULL),
(283, '2026-04-13', 1, NULL),
(283, '2026-04-27', 1, NULL),
(283, '2026-05-04', 1, NULL),
(283, '2026-05-11', 1, NULL),
(283, '2026-06-17', 1, ''),
(284, '2026-03-09', 1, NULL),
(284, '2026-03-16', 1, NULL),
(284, '2026-03-23', 1, NULL),
(284, '2026-03-30', 1, NULL),
(284, '2026-04-06', 1, NULL),
(284, '2026-04-13', 1, NULL),
(284, '2026-04-27', 1, NULL),
(284, '2026-05-04', 1, NULL),
(284, '2026-05-11', 0, NULL),
(284, '2026-06-17', 1, ''),
(288, '2026-03-09', 1, NULL),
(288, '2026-03-16', 1, NULL),
(288, '2026-03-23', 1, NULL),
(288, '2026-03-30', 1, NULL),
(288, '2026-04-06', 1, NULL),
(288, '2026-04-13', 1, NULL),
(288, '2026-04-27', 0, NULL),
(288, '2026-05-04', 1, NULL),
(288, '2026-05-11', 0, NULL),
(289, '2026-03-09', 0, NULL),
(289, '2026-03-16', 1, NULL),
(289, '2026-03-23', 1, NULL),
(289, '2026-03-30', 1, NULL),
(289, '2026-04-06', 1, NULL),
(289, '2026-04-13', 0, NULL),
(289, '2026-04-27', 1, NULL),
(289, '2026-05-04', 1, NULL),
(289, '2026-05-11', 1, NULL),
(290, '2026-03-09', 1, NULL),
(290, '2026-03-16', 1, NULL),
(290, '2026-03-23', 1, NULL),
(290, '2026-03-30', 1, NULL),
(290, '2026-04-06', 0, NULL),
(290, '2026-04-13', 1, NULL),
(290, '2026-04-27', 1, NULL),
(290, '2026-05-04', 1, NULL),
(290, '2026-05-11', 0, NULL),
(291, '2026-03-09', 0, NULL),
(291, '2026-03-16', 0, NULL),
(291, '2026-03-23', 1, NULL),
(291, '2026-03-30', 1, NULL),
(291, '2026-04-06', 1, NULL),
(291, '2026-04-13', 1, NULL),
(291, '2026-04-27', 1, NULL),
(291, '2026-05-04', 1, NULL),
(291, '2026-05-11', 1, NULL),
(292, '2026-03-09', 1, NULL),
(292, '2026-03-16', 1, NULL),
(292, '2026-03-23', 1, NULL),
(292, '2026-03-30', 1, NULL),
(292, '2026-04-06', 0, NULL),
(292, '2026-04-13', 0, NULL),
(292, '2026-04-27', 1, NULL),
(292, '2026-05-04', 0, NULL),
(292, '2026-05-11', 0, NULL),
(293, '2026-03-09', 0, NULL),
(293, '2026-03-16', 1, NULL),
(293, '2026-03-23', 1, NULL),
(293, '2026-03-30', 1, NULL),
(293, '2026-04-06', 1, NULL),
(293, '2026-04-13', 1, NULL),
(293, '2026-04-27', 1, NULL),
(293, '2026-05-04', 1, NULL),
(293, '2026-05-11', 1, NULL),
(294, '2026-03-09', 0, NULL),
(294, '2026-03-16', 1, NULL),
(294, '2026-03-23', 1, NULL),
(294, '2026-03-30', 1, NULL),
(294, '2026-04-06', 0, NULL),
(294, '2026-04-13', 1, NULL),
(294, '2026-04-27', 1, NULL),
(294, '2026-05-04', 1, NULL),
(294, '2026-05-11', 1, NULL),
(295, '2026-03-09', 1, NULL),
(295, '2026-03-16', 1, NULL),
(295, '2026-03-23', 1, NULL),
(295, '2026-03-30', 1, NULL),
(295, '2026-04-06', 1, NULL),
(295, '2026-04-13', 1, NULL),
(295, '2026-04-27', 1, NULL),
(295, '2026-05-04', 1, NULL),
(295, '2026-05-11', 1, NULL),
(295, '2026-06-17', 1, ''),
(296, '2026-03-09', 1, NULL),
(296, '2026-03-16', 1, NULL),
(296, '2026-03-23', 0, NULL),
(296, '2026-03-30', 1, NULL),
(296, '2026-04-06', 1, NULL),
(296, '2026-04-13', 0, NULL),
(296, '2026-04-27', 1, NULL),
(296, '2026-05-04', 1, NULL),
(296, '2026-05-11', 1, NULL),
(296, '2026-06-17', 1, ''),
(297, '2026-03-09', 1, NULL),
(297, '2026-03-16', 0, NULL),
(297, '2026-03-23', 1, NULL),
(297, '2026-03-30', 1, NULL),
(297, '2026-04-06', 1, NULL),
(297, '2026-04-13', 1, NULL),
(297, '2026-04-27', 1, NULL),
(297, '2026-05-04', 1, NULL),
(297, '2026-05-11', 1, NULL),
(297, '2026-06-17', 1, ''),
(298, '2026-03-09', 1, NULL),
(298, '2026-03-16', 1, NULL),
(298, '2026-03-23', 1, NULL),
(298, '2026-03-30', 0, NULL),
(298, '2026-04-06', 1, NULL),
(298, '2026-04-13', 1, NULL),
(298, '2026-04-27', 0, NULL),
(298, '2026-05-04', 1, NULL),
(298, '2026-05-11', 1, NULL),
(298, '2026-06-17', 1, ''),
(299, '2026-03-09', 1, NULL),
(299, '2026-03-16', 0, NULL),
(299, '2026-03-23', 1, NULL),
(299, '2026-03-30', 1, NULL),
(299, '2026-04-06', 0, NULL),
(299, '2026-04-13', 1, NULL),
(299, '2026-04-27', 0, NULL),
(299, '2026-05-04', 0, NULL),
(299, '2026-05-11', 1, NULL),
(299, '2026-06-17', 0, ''),
(300, '2026-03-09', 1, NULL),
(300, '2026-03-16', 0, NULL),
(300, '2026-03-23', 1, NULL),
(300, '2026-03-30', 1, NULL),
(300, '2026-04-06', 0, NULL),
(300, '2026-04-13', 1, NULL),
(300, '2026-04-27', 1, NULL),
(300, '2026-05-04', 1, NULL),
(300, '2026-05-11', 1, NULL),
(300, '2026-06-17', 1, ''),
(302, '2026-03-09', 1, NULL),
(302, '2026-03-16', 0, NULL),
(302, '2026-03-23', 1, NULL),
(302, '2026-03-30', 0, NULL),
(302, '2026-04-06', 1, NULL),
(302, '2026-04-13', 0, NULL),
(302, '2026-04-27', 1, NULL),
(302, '2026-05-04', 1, NULL),
(302, '2026-05-11', 1, NULL),
(303, '2026-03-09', 1, NULL),
(303, '2026-03-16', 1, NULL),
(303, '2026-03-23', 1, NULL),
(303, '2026-03-30', 1, NULL),
(303, '2026-04-06', 0, NULL),
(303, '2026-04-13', 1, NULL),
(303, '2026-04-27', 1, NULL),
(303, '2026-05-04', 1, NULL),
(303, '2026-05-11', 1, NULL),
(304, '2026-03-09', 1, NULL),
(304, '2026-03-16', 1, NULL),
(304, '2026-03-23', 1, NULL),
(304, '2026-03-30', 1, NULL),
(304, '2026-04-06', 1, NULL),
(304, '2026-04-13', 1, NULL),
(304, '2026-04-27', 1, NULL),
(304, '2026-05-04', 1, NULL),
(304, '2026-05-11', 1, NULL),
(305, '2026-03-09', 1, NULL),
(305, '2026-03-16', 1, NULL),
(305, '2026-03-23', 1, NULL),
(305, '2026-03-30', 1, NULL),
(305, '2026-04-06', 1, NULL),
(305, '2026-04-13', 1, NULL),
(305, '2026-04-27', 1, NULL),
(305, '2026-05-04', 1, NULL),
(305, '2026-05-11', 1, NULL),
(306, '2026-03-09', 0, NULL),
(306, '2026-03-16', 1, NULL),
(306, '2026-03-23', 1, NULL),
(306, '2026-03-30', 0, NULL),
(306, '2026-04-06', 1, NULL),
(306, '2026-04-13', 1, NULL),
(306, '2026-04-27', 1, NULL),
(306, '2026-05-04', 0, NULL),
(306, '2026-05-11', 1, NULL),
(307, '2026-06-17', 1, '');

-- --------------------------------------------------------

--
-- Estructura de tabla para la tabla `auditoria`
-- Log general de acciones de la aplicación (quién hizo qué y cuándo).
--

CREATE TABLE `auditoria` (
  `IDAuditoria` int(11) NOT NULL,
  `Fecha` datetime NOT NULL DEFAULT current_timestamp(),
  `IDUsuario` int(11) DEFAULT NULL,
  `Email` varchar(100) DEFAULT NULL,
  `Rol` varchar(30) DEFAULT NULL,
  `Accion` varchar(20) NOT NULL,
  `Entidad` varchar(50) DEFAULT NULL,
  `Detalle` varchar(255) DEFAULT NULL,
  `IP` varchar(45) DEFAULT NULL
) ENGINE=InnoDB DEFAULT CHARSET=utf8mb4 COLLATE=utf8mb4_general_ci;

-- --------------------------------------------------------

--
-- Estructura de tabla para la tabla `auditinscripcion`
--

CREATE TABLE `auditinscripcion` (
  `IDAudit` int(11) NOT NULL,
  `IDInscripcion` int(11) NOT NULL,
  `DNI` int(11) NOT NULL,
  `IDCurso` int(11) NOT NULL,
  `EstadoAnterior` varchar(20) DEFAULT NULL COMMENT 'NULL en INSERT',
  `EstadoNuevo` varchar(20) NOT NULL,
  `Evento` enum('INSERT','UPDATE') NOT NULL,
  `FechaCambio` datetime NOT NULL DEFAULT current_timestamp()
) ENGINE=InnoDB DEFAULT CHARSET=utf8mb4 COLLATE=utf8mb4_general_ci;

--
-- Volcado de datos para la tabla `auditinscripcion`
--

INSERT INTO `auditinscripcion` (`IDAudit`, `IDInscripcion`, `DNI`, `IDCurso`, `EstadoAnterior`, `EstadoNuevo`, `Evento`, `FechaCambio`) VALUES
(1, 1, 30123456, 1, 'Regular', 'Aprobado', 'UPDATE', '2026-06-10 18:36:46'),
(2, 4, 31234567, 1, 'Regular', 'Aprobado', 'UPDATE', '2026-06-10 18:36:46'),
(3, 9, 33456789, 1, 'Regular', 'Aprobado', 'UPDATE', '2026-06-10 18:36:46'),
(4, 16, 36789012, 1, 'Regular', 'Aprobado', 'UPDATE', '2026-06-10 18:36:46'),
(5, 20, 38901234, 1, 'Regular', 'Aprobado', 'UPDATE', '2026-06-10 18:36:46'),
(6, 25, 41234567, 1, 'Regular', 'Aprobado', 'UPDATE', '2026-06-10 18:36:46'),
(7, 31, 44567890, 1, 'Regular', 'Aprobado', 'UPDATE', '2026-06-10 18:36:46'),
(8, 35, 46789012, 1, 'Regular', 'Aprobado', 'UPDATE', '2026-06-10 18:36:46'),
(9, 2, 30123456, 2, 'Regular', 'Aprobado', 'UPDATE', '2026-06-10 18:36:46'),
(10, 7, 32345678, 2, 'Regular', 'Aprobado', 'UPDATE', '2026-06-10 18:36:46'),
(11, 11, 34567890, 2, 'Regular', 'Aprobado', 'UPDATE', '2026-06-10 18:36:46'),
(12, 18, 37890123, 2, 'Regular', 'Aprobado', 'UPDATE', '2026-06-10 18:36:46'),
(13, 24, 40123456, 2, 'Regular', 'Aprobado', 'UPDATE', '2026-06-10 18:36:46'),
(14, 37, 47890123, 2, 'Regular', 'Aprobado', 'UPDATE', '2026-06-10 18:36:46'),
(15, 3, 30123456, 3, 'Regular', 'Aprobado', 'UPDATE', '2026-06-10 18:36:46'),
(16, 5, 31234567, 3, 'Regular', 'Aprobado', 'UPDATE', '2026-06-10 18:36:46'),
(17, 17, 36789012, 3, 'Regular', 'Aprobado', 'UPDATE', '2026-06-10 18:36:46'),
(18, 22, 39012345, 3, 'Regular', 'Aprobado', 'UPDATE', '2026-06-10 18:36:46'),
(19, 26, 41234567, 3, 'Regular', 'Aprobado', 'UPDATE', '2026-06-10 18:36:46'),
(20, 33, 45678901, 3, 'Regular', 'Aprobado', 'UPDATE', '2026-06-10 18:36:46'),
(21, 38, 48901234, 3, 'Regular', 'Aprobado', 'UPDATE', '2026-06-10 18:36:46'),
(22, 10, 33456789, 4, 'Regular', 'Aprobado', 'UPDATE', '2026-06-10 18:36:46'),
(23, 27, 42345678, 4, 'Regular', 'Aprobado', 'UPDATE', '2026-06-10 18:36:46'),
(24, 36, 46789012, 4, 'Regular', 'Aprobado', 'UPDATE', '2026-06-10 18:36:46'),
(25, 12, 34567890, 5, 'Regular', 'Aprobado', 'UPDATE', '2026-06-10 18:36:46'),
(26, 23, 39012345, 5, 'Regular', 'Aprobado', 'UPDATE', '2026-06-10 18:36:46'),
(27, 34, 45678901, 5, 'Regular', 'Aprobado', 'UPDATE', '2026-06-10 18:36:46'),
(28, 6, 31234567, 6, 'Regular', 'Aprobado', 'UPDATE', '2026-06-10 18:36:46'),
(29, 13, 35678901, 6, 'Regular', 'Aprobado', 'UPDATE', '2026-06-10 18:36:46'),
(30, 21, 38901234, 6, 'Regular', 'Aprobado', 'UPDATE', '2026-06-10 18:36:46'),
(31, 29, 43456789, 6, 'Regular', 'Aprobado', 'UPDATE', '2026-06-10 18:36:46'),
(32, 39, 48901234, 6, 'Regular', 'Aprobado', 'UPDATE', '2026-06-10 18:36:46'),
(33, 14, 35678901, 7, 'Regular', 'Aprobado', 'UPDATE', '2026-06-10 18:36:46'),
(34, 28, 42345678, 7, 'Regular', 'Aprobado', 'UPDATE', '2026-06-10 18:36:46'),
(35, 40, 49012345, 7, 'Regular', 'Aprobado', 'UPDATE', '2026-06-10 18:36:46'),
(36, 15, 35678901, 8, 'Regular', 'Aprobado', 'UPDATE', '2026-06-10 18:36:46'),
(37, 30, 43456789, 8, 'Regular', 'Aprobado', 'UPDATE', '2026-06-10 18:36:46'),
(38, 41, 30123456, 9, 'Regular', 'Aprobado', 'UPDATE', '2026-06-10 18:36:46'),
(39, 43, 31234567, 9, 'Regular', 'Aprobado', 'UPDATE', '2026-06-10 18:36:46'),
(40, 47, 33456789, 9, 'Regular', 'Aprobado', 'UPDATE', '2026-06-10 18:36:46'),
(41, 53, 36789012, 9, 'Regular', 'Aprobado', 'UPDATE', '2026-06-10 18:36:46'),
(42, 57, 38901234, 9, 'Regular', 'Aprobado', 'UPDATE', '2026-06-10 18:36:46'),
(43, 61, 40123456, 9, 'Regular', 'Aprobado', 'UPDATE', '2026-06-10 18:36:46'),
(44, 65, 42345678, 9, 'Regular', 'Aprobado', 'UPDATE', '2026-06-10 18:36:46'),
(45, 69, 44567890, 9, 'Regular', 'Aprobado', 'UPDATE', '2026-06-10 18:36:46'),
(46, 73, 46789012, 9, 'Regular', 'Aprobado', 'UPDATE', '2026-06-10 18:36:46'),
(47, 79, 49012345, 9, 'Regular', 'Aprobado', 'UPDATE', '2026-06-10 18:36:46'),
(48, 82, 52345678, 9, 'Regular', 'Aprobado', 'UPDATE', '2026-06-10 18:36:46'),
(49, 45, 32345678, 10, 'Regular', 'Aprobado', 'UPDATE', '2026-06-10 18:36:46'),
(50, 49, 34567890, 10, 'Regular', 'Aprobado', 'UPDATE', '2026-06-10 18:36:46'),
(51, 59, 39012345, 10, 'Regular', 'Aprobado', 'UPDATE', '2026-06-10 18:36:46'),
(52, 62, 40123456, 10, 'Regular', 'Aprobado', 'UPDATE', '2026-06-10 18:36:46'),
(53, 71, 45678901, 10, 'Regular', 'Aprobado', 'UPDATE', '2026-06-10 18:36:46'),
(54, 75, 47890123, 10, 'Regular', 'Aprobado', 'UPDATE', '2026-06-10 18:36:46'),
(55, 80, 50123456, 10, 'Regular', 'Aprobado', 'UPDATE', '2026-06-10 18:36:46'),
(56, 42, 30123456, 11, 'Regular', 'Aprobado', 'UPDATE', '2026-06-10 18:36:46'),
(57, 46, 32345678, 11, 'Regular', 'Aprobado', 'UPDATE', '2026-06-10 18:36:46'),
(58, 51, 35678901, 11, 'Regular', 'Aprobado', 'UPDATE', '2026-06-10 18:36:46'),
(59, 58, 38901234, 11, 'Regular', 'Aprobado', 'UPDATE', '2026-06-10 18:36:46'),
(60, 63, 41234567, 11, 'Regular', 'Aprobado', 'UPDATE', '2026-06-10 18:36:46'),
(61, 70, 44567890, 11, 'Regular', 'Aprobado', 'UPDATE', '2026-06-10 18:36:46'),
(62, 77, 48901234, 11, 'Regular', 'Aprobado', 'UPDATE', '2026-06-10 18:36:46'),
(63, 81, 51234567, 11, 'Regular', 'Aprobado', 'UPDATE', '2026-06-10 18:36:46'),
(64, 44, 31234567, 12, 'Regular', 'Aprobado', 'UPDATE', '2026-06-10 18:36:46'),
(65, 55, 37890123, 12, 'Regular', 'Aprobado', 'UPDATE', '2026-06-10 18:36:46'),
(66, 67, 43456789, 12, 'Regular', 'Aprobado', 'UPDATE', '2026-06-10 18:36:46'),
(67, 74, 46789012, 12, 'Regular', 'Aprobado', 'UPDATE', '2026-06-10 18:36:46'),
(68, 83, 53456789, 12, 'Regular', 'Aprobado', 'UPDATE', '2026-06-10 18:36:46'),
(69, 48, 33456789, 13, 'Regular', 'Aprobado', 'UPDATE', '2026-06-10 18:36:46'),
(70, 60, 39012345, 13, 'Regular', 'Aprobado', 'UPDATE', '2026-06-10 18:36:46'),
(71, 68, 43456789, 13, 'Regular', 'Aprobado', 'UPDATE', '2026-06-10 18:36:46'),
(72, 76, 47890123, 13, 'Regular', 'Aprobado', 'UPDATE', '2026-06-10 18:36:46'),
(73, 84, 54567890, 13, 'Regular', 'Aprobado', 'UPDATE', '2026-06-10 18:36:46'),
(74, 50, 34567890, 14, 'Regular', 'Aprobado', 'UPDATE', '2026-06-10 18:36:46'),
(75, 54, 36789012, 14, 'Regular', 'Aprobado', 'UPDATE', '2026-06-10 18:36:46'),
(76, 64, 41234567, 14, 'Regular', 'Aprobado', 'UPDATE', '2026-06-10 18:36:46'),
(77, 52, 35678901, 15, 'Regular', 'Aprobado', 'UPDATE', '2026-06-10 18:36:46'),
(78, 66, 42345678, 15, 'Regular', 'Aprobado', 'UPDATE', '2026-06-10 18:36:46'),
(79, 78, 48901234, 15, 'Regular', 'Aprobado', 'UPDATE', '2026-06-10 18:36:46'),
(80, 85, 30123456, 16, 'Regular', 'Aprobado', 'UPDATE', '2026-06-10 18:36:46'),
(81, 87, 31234567, 16, 'Regular', 'Aprobado', 'UPDATE', '2026-06-10 18:36:46'),
(82, 91, 33456789, 16, 'Regular', 'Aprobado', 'UPDATE', '2026-06-10 18:36:46'),
(83, 97, 36789012, 16, 'Regular', 'Aprobado', 'UPDATE', '2026-06-10 18:36:46'),
(84, 101, 39012345, 16, 'Regular', 'Aprobado', 'UPDATE', '2026-06-10 18:36:46'),
(85, 105, 43456789, 16, 'Regular', 'Aprobado', 'UPDATE', '2026-06-10 18:36:46'),
(86, 109, 57890123, 16, 'Regular', 'Aprobado', 'UPDATE', '2026-06-10 18:36:46'),
(87, 115, 63456789, 16, 'Regular', 'Aprobado', 'UPDATE', '2026-06-10 18:36:46'),
(88, 86, 30123456, 17, 'Regular', 'Aprobado', 'UPDATE', '2026-06-10 18:36:46'),
(89, 93, 34567890, 17, 'Regular', 'Aprobado', 'UPDATE', '2026-06-10 18:36:46'),
(90, 99, 38901234, 17, 'Regular', 'Aprobado', 'UPDATE', '2026-06-10 18:36:46'),
(91, 104, 42345678, 17, 'Regular', 'Aprobado', 'UPDATE', '2026-06-10 18:36:46'),
(92, 110, 58901234, 17, 'Regular', 'Aprobado', 'UPDATE', '2026-06-10 18:36:46'),
(93, 89, 32345678, 18, 'Regular', 'Aprobado', 'UPDATE', '2026-06-10 18:36:46'),
(94, 95, 35678901, 18, 'Regular', 'Aprobado', 'UPDATE', '2026-06-10 18:36:46'),
(95, 111, 59012345, 18, 'Regular', 'Aprobado', 'UPDATE', '2026-06-10 18:36:46'),
(96, 88, 31234567, 19, 'Regular', 'Aprobado', 'UPDATE', '2026-06-10 18:36:46'),
(97, 96, 35678901, 19, 'Regular', 'Aprobado', 'UPDATE', '2026-06-10 18:36:46'),
(98, 103, 41234567, 19, 'Regular', 'Aprobado', 'UPDATE', '2026-06-10 18:36:46'),
(99, 112, 60123456, 19, 'Regular', 'Aprobado', 'UPDATE', '2026-06-10 18:36:46'),
(100, 90, 32345678, 20, 'Regular', 'Aprobado', 'UPDATE', '2026-06-10 18:36:46'),
(101, 98, 36789012, 20, 'Regular', 'Aprobado', 'UPDATE', '2026-06-10 18:36:46'),
(102, 106, 44567890, 20, 'Regular', 'Aprobado', 'UPDATE', '2026-06-10 18:36:46'),
(103, 113, 61234567, 20, 'Regular', 'Aprobado', 'UPDATE', '2026-06-10 18:36:46'),
(104, 92, 33456789, 21, 'Regular', 'Aprobado', 'UPDATE', '2026-06-10 18:36:46'),
(105, 107, 55678901, 21, 'Regular', 'Aprobado', 'UPDATE', '2026-06-10 18:36:46'),
(106, 114, 62345678, 21, 'Regular', 'Aprobado', 'UPDATE', '2026-06-10 18:36:46'),
(107, 94, 34567890, 22, 'Regular', 'Aprobado', 'UPDATE', '2026-06-10 18:36:46'),
(108, 102, 39012345, 22, 'Regular', 'Aprobado', 'UPDATE', '2026-06-10 18:36:46'),
(109, 108, 56789012, 22, 'Regular', 'Aprobado', 'UPDATE', '2026-06-10 18:36:46'),
(110, 117, 30123456, 23, 'Regular', 'Aprobado', 'UPDATE', '2026-06-10 18:36:46'),
(111, 118, 31234567, 23, 'Regular', 'Aprobado', 'UPDATE', '2026-06-10 18:36:46'),
(112, 119, 32345678, 23, 'Regular', 'Aprobado', 'UPDATE', '2026-06-10 18:36:46'),
(113, 120, 33456789, 23, 'Regular', 'Aprobado', 'UPDATE', '2026-06-10 18:36:46'),
(114, 121, 34567890, 23, 'Regular', 'Aprobado', 'UPDATE', '2026-06-10 18:36:46'),
(115, 122, 35678901, 23, 'Regular', 'Aprobado', 'UPDATE', '2026-06-10 18:36:46'),
(116, 123, 36789012, 23, 'Regular', 'Aprobado', 'UPDATE', '2026-06-10 18:36:46'),
(117, 124, 37890123, 23, 'Regular', 'Aprobado', 'UPDATE', '2026-06-10 18:36:46'),
(118, 125, 39012345, 23, 'Regular', 'Aprobado', 'UPDATE', '2026-06-10 18:36:46'),
(119, 126, 40123456, 23, 'Regular', 'Aprobado', 'UPDATE', '2026-06-10 18:36:46'),
(120, 132, 40123456, 24, 'Regular', 'Aprobado', 'UPDATE', '2026-06-10 18:36:46'),
(121, 133, 41234567, 24, 'Regular', 'Aprobado', 'UPDATE', '2026-06-10 18:36:46'),
(122, 134, 42345678, 24, 'Regular', 'Aprobado', 'UPDATE', '2026-06-10 18:36:46'),
(123, 135, 43456789, 24, 'Regular', 'Aprobado', 'UPDATE', '2026-06-10 18:36:46'),
(124, 136, 44567890, 24, 'Regular', 'Aprobado', 'UPDATE', '2026-06-10 18:36:46'),
(125, 137, 45678901, 24, 'Regular', 'Aprobado', 'UPDATE', '2026-06-10 18:36:46'),
(126, 138, 46789012, 24, 'Regular', 'Aprobado', 'UPDATE', '2026-06-10 18:36:46'),
(127, 139, 47890123, 24, 'Regular', 'Aprobado', 'UPDATE', '2026-06-10 18:36:46'),
(128, 140, 48901234, 24, 'Regular', 'Aprobado', 'UPDATE', '2026-06-10 18:36:46'),
(129, 141, 49012345, 24, 'Regular', 'Aprobado', 'UPDATE', '2026-06-10 18:36:46'),
(130, 147, 30123456, 25, 'Regular', 'Aprobado', 'UPDATE', '2026-06-10 18:36:46'),
(131, 148, 31234567, 25, 'Regular', 'Aprobado', 'UPDATE', '2026-06-10 18:36:46'),
(132, 149, 32345678, 25, 'Regular', 'Aprobado', 'UPDATE', '2026-06-10 18:36:46'),
(133, 150, 33456789, 25, 'Regular', 'Aprobado', 'UPDATE', '2026-06-10 18:36:46'),
(134, 151, 34567890, 25, 'Regular', 'Aprobado', 'UPDATE', '2026-06-10 18:36:46'),
(135, 152, 35678901, 25, 'Regular', 'Aprobado', 'UPDATE', '2026-06-10 18:36:46'),
(136, 153, 36789012, 25, 'Regular', 'Aprobado', 'UPDATE', '2026-06-10 18:36:46'),
(137, 154, 39012345, 25, 'Regular', 'Aprobado', 'UPDATE', '2026-06-10 18:36:46'),
(138, 155, 40123456, 25, 'Regular', 'Aprobado', 'UPDATE', '2026-06-10 18:36:46'),
(139, 156, 41234567, 25, 'Regular', 'Aprobado', 'UPDATE', '2026-06-10 18:36:46'),
(140, 157, 42345678, 25, 'Regular', 'Aprobado', 'UPDATE', '2026-06-10 18:36:46'),
(141, 158, 50123456, 25, 'Regular', 'Aprobado', 'UPDATE', '2026-06-10 18:36:46'),
(142, 162, 48901234, 26, 'Regular', 'Aprobado', 'UPDATE', '2026-06-10 18:36:46'),
(143, 163, 49012345, 26, 'Regular', 'Aprobado', 'UPDATE', '2026-06-10 18:36:46'),
(144, 164, 50123456, 26, 'Regular', 'Aprobado', 'UPDATE', '2026-06-10 18:36:46'),
(145, 165, 51234567, 26, 'Regular', 'Aprobado', 'UPDATE', '2026-06-10 18:36:46'),
(146, 166, 52345678, 26, 'Regular', 'Aprobado', 'UPDATE', '2026-06-10 18:36:46'),
(147, 167, 53456789, 26, 'Regular', 'Aprobado', 'UPDATE', '2026-06-10 18:36:46'),
(148, 168, 54567890, 26, 'Regular', 'Aprobado', 'UPDATE', '2026-06-10 18:36:46'),
(149, 169, 55678901, 26, 'Regular', 'Aprobado', 'UPDATE', '2026-06-10 18:36:46'),
(150, 177, 55678901, 27, 'Regular', 'Aprobado', 'UPDATE', '2026-06-10 18:36:46'),
(151, 178, 56789012, 27, 'Regular', 'Aprobado', 'UPDATE', '2026-06-10 18:36:46'),
(152, 179, 57890123, 27, 'Regular', 'Aprobado', 'UPDATE', '2026-06-10 18:36:46'),
(153, 180, 58901234, 27, 'Regular', 'Aprobado', 'UPDATE', '2026-06-10 18:36:46'),
(154, 181, 59012345, 27, 'Regular', 'Aprobado', 'UPDATE', '2026-06-10 18:36:46'),
(155, 182, 60123456, 27, 'Regular', 'Aprobado', 'UPDATE', '2026-06-10 18:36:46'),
(156, 183, 61234567, 27, 'Regular', 'Aprobado', 'UPDATE', '2026-06-10 18:36:46'),
(157, 184, 30123456, 28, 'Regular', 'Aprobado', 'UPDATE', '2026-06-10 18:36:46'),
(158, 185, 31234567, 28, 'Regular', 'Aprobado', 'UPDATE', '2026-06-10 18:36:46'),
(159, 186, 32345678, 28, 'Regular', 'Aprobado', 'UPDATE', '2026-06-10 18:36:46'),
(160, 187, 61234567, 28, 'Regular', 'Aprobado', 'UPDATE', '2026-06-10 18:36:46'),
(161, 188, 62345678, 28, 'Regular', 'Aprobado', 'UPDATE', '2026-06-10 18:36:46'),
(162, 189, 63456789, 28, 'Regular', 'Aprobado', 'UPDATE', '2026-06-10 18:36:46'),
(163, 190, 64567890, 28, 'Regular', 'Aprobado', 'UPDATE', '2026-06-10 18:36:46'),
(164, 191, 30123456, 29, 'Regular', 'Aprobado', 'UPDATE', '2026-06-10 18:36:46'),
(165, 192, 31234567, 29, 'Regular', 'Aprobado', 'UPDATE', '2026-06-10 18:36:46'),
(166, 193, 32345678, 29, 'Regular', 'Aprobado', 'UPDATE', '2026-06-10 18:36:46'),
(167, 194, 33456789, 29, 'Regular', 'Aprobado', 'UPDATE', '2026-06-10 18:36:46'),
(168, 195, 34567890, 29, 'Regular', 'Aprobado', 'UPDATE', '2026-06-10 18:36:46'),
(169, 196, 35678901, 29, 'Regular', 'Aprobado', 'UPDATE', '2026-06-10 18:36:46'),
(170, 197, 36789012, 29, 'Regular', 'Aprobado', 'UPDATE', '2026-06-10 18:36:46'),
(171, 198, 40123456, 29, 'Regular', 'Aprobado', 'UPDATE', '2026-06-10 18:36:46'),
(172, 199, 41234567, 29, 'Regular', 'Aprobado', 'UPDATE', '2026-06-10 18:36:46'),
(173, 200, 42345678, 29, 'Regular', 'Aprobado', 'UPDATE', '2026-06-10 18:36:46'),
(174, 206, 30123456, 30, 'Regular', 'Aprobado', 'UPDATE', '2026-06-10 18:36:46'),
(175, 207, 31234567, 30, 'Regular', 'Aprobado', 'UPDATE', '2026-06-10 18:36:46'),
(176, 208, 33456789, 30, 'Regular', 'Aprobado', 'UPDATE', '2026-06-10 18:36:46'),
(177, 209, 35678901, 30, 'Regular', 'Aprobado', 'UPDATE', '2026-06-10 18:36:46'),
(178, 210, 39012345, 30, 'Regular', 'Aprobado', 'UPDATE', '2026-06-10 18:36:46'),
(179, 211, 40123456, 30, 'Regular', 'Aprobado', 'UPDATE', '2026-06-10 18:36:46'),
(180, 212, 43456789, 30, 'Regular', 'Aprobado', 'UPDATE', '2026-06-10 18:36:46'),
(181, 213, 44567890, 30, 'Regular', 'Aprobado', 'UPDATE', '2026-06-10 18:36:46'),
(182, 214, 50123456, 30, 'Regular', 'Aprobado', 'UPDATE', '2026-06-10 18:36:46'),
(183, 215, 51234567, 30, 'Regular', 'Aprobado', 'UPDATE', '2026-06-10 18:36:46'),
(184, 221, 55678901, 31, 'Regular', 'Aprobado', 'UPDATE', '2026-06-10 18:36:46'),
(185, 222, 56789012, 31, 'Regular', 'Aprobado', 'UPDATE', '2026-06-10 18:36:46'),
(186, 223, 57890123, 31, 'Regular', 'Aprobado', 'UPDATE', '2026-06-10 18:36:46'),
(187, 224, 58901234, 31, 'Regular', 'Aprobado', 'UPDATE', '2026-06-10 18:36:46'),
(188, 225, 59012345, 31, 'Regular', 'Aprobado', 'UPDATE', '2026-06-10 18:36:46'),
(189, 226, 60123456, 31, 'Regular', 'Aprobado', 'UPDATE', '2026-06-10 18:36:46'),
(190, 227, 61234567, 31, 'Regular', 'Aprobado', 'UPDATE', '2026-06-10 18:36:46'),
(191, 228, 62345678, 31, 'Regular', 'Aprobado', 'UPDATE', '2026-06-10 18:36:46'),
(192, 236, 30123456, 32, 'Regular', 'Aprobado', 'UPDATE', '2026-06-10 18:36:46'),
(193, 237, 31234567, 32, 'Regular', 'Aprobado', 'UPDATE', '2026-06-10 18:36:46'),
(194, 238, 32345678, 32, 'Regular', 'Aprobado', 'UPDATE', '2026-06-10 18:36:46'),
(195, 239, 33456789, 32, 'Regular', 'Aprobado', 'UPDATE', '2026-06-10 18:36:46'),
(196, 240, 34567890, 32, 'Regular', 'Aprobado', 'UPDATE', '2026-06-10 18:36:46'),
(197, 241, 63456789, 32, 'Regular', 'Aprobado', 'UPDATE', '2026-06-10 18:36:46'),
(198, 242, 64567890, 32, 'Regular', 'Aprobado', 'UPDATE', '2026-06-10 18:36:46'),
(199, 307, 30123456, 37, NULL, 'Activo', 'INSERT', '2026-06-16 18:56:37');

-- --------------------------------------------------------

--
-- Estructura de tabla para la tabla `aula`
--

CREATE TABLE `aula` (
  `IDAula` int(11) NOT NULL,
  `Numero` varchar(20) NOT NULL,
  `Edificio` varchar(50) DEFAULT NULL,
  `Capacidad` int(11) NOT NULL,
  `Equipamiento` varchar(255) DEFAULT NULL
) ENGINE=InnoDB DEFAULT CHARSET=utf8mb4 COLLATE=utf8mb4_general_ci;

--
-- Volcado de datos para la tabla `aula`
--

INSERT INTO `aula` (`IDAula`, `Numero`, `Edificio`, `Capacidad`, `Equipamiento`) VALUES
(1, '101', 'Edificio A', 40, 'Proyector, pizarrón, aire acondicionado'),
(2, '102', 'Edificio A', 40, 'Proyector, pizarrón'),
(3, '103', 'Edificio A', 35, 'Proyector, pizarrón, aire acondicionado'),
(4, '201', 'Edificio B', 30, 'Pizarrón, ventilador'),
(5, '202', 'Edificio B', 30, 'Proyector, pizarrón'),
(6, '203', 'Edificio B', 25, 'Pizarrón'),
(7, 'Lab1', 'Laboratorio', 25, '25 PCs, proyector, servidor local'),
(8, 'Lab2', 'Laboratorio', 25, '25 PCs, proyector, acceso a internet');

-- --------------------------------------------------------

--
-- Estructura de tabla para la tabla `carrera`
--

CREATE TABLE `carrera` (
  `CodCarrera` varchar(10) NOT NULL,
  `NomCarrera` varchar(150) NOT NULL,
  `DurAnios` int(11) NOT NULL
) ENGINE=InnoDB DEFAULT CHARSET=utf8mb4 COLLATE=utf8mb4_general_ci;

--
-- Volcado de datos para la tabla `carrera`
--

INSERT INTO `carrera` (`CodCarrera`, `NomCarrera`, `DurAnios`) VALUES
('CP', 'Contador Público', 5),
('ING', 'Ingeniería en Informática', 5),
('ISI', 'Ingeniería en Sistemas de Información', 5),
('LAD', 'Licenciatura en Administración', 4),
('LIS', 'Licenciatura en Sistemas', 5),
('TUS', 'Tecnicatura Universitaria en Sistemas', 3);

-- --------------------------------------------------------

--
-- Estructura de tabla para la tabla `correlativa`
--

CREATE TABLE `correlativa` (
  `CodMateria` varchar(10) NOT NULL,
  `CodCorrelativa` varchar(10) NOT NULL
) ENGINE=InnoDB DEFAULT CHARSET=utf8mb4 COLLATE=utf8mb4_general_ci;

--
-- Volcado de datos para la tabla `correlativa`
--

INSERT INTO `correlativa` (`CodMateria`, `CodCorrelativa`) VALUES
('ANA001', 'BDD001'),
('ANA001', 'PRG002'),
('BDD001', 'MAT001'),
('BDD001', 'PRG001'),
('BDD002', 'BDD001'),
('BDD002', 'PRG002'),
('CP-201', 'CP-101'),
('CP-202', 'CP-102'),
('CP-301', 'CP-201'),
('CP-303', 'CP-301'),
('CP-401', 'CP-302'),
('CP-402', 'CP-303'),
('CP-503', 'CP-402'),
('ISI-201', 'ISI-101'),
('ISI-203', 'ISI-103'),
('ISI-204', 'ISI-103'),
('ISI-301', 'ISI-204'),
('ISI-303', 'ISI-203'),
('ISI-304', 'ISI-203'),
('ISI-305', 'ISI-203'),
('ISI-401', 'ISI-202'),
('ISI-401', 'ISI-203'),
('ISI-404', 'ISI-303'),
('ISI-405', 'ISI-205'),
('ISI-405', 'ISI-302'),
('ISI-501', 'ISI-404'),
('ISI-504', 'ISI-403'),
('ISI-504', 'ISI-404'),
('LAD-201', 'LAD-101'),
('LAD-202', 'LAD-102'),
('LAD-301', 'LAD-104'),
('LAD-303', 'LAD-202'),
('LAD-401', 'LAD-104'),
('LAD-402', 'LAD-201'),
('LAD-404', 'LAD-302'),
('LAD-404', 'LAD-401'),
('LIS-201', 'LIS-101'),
('LIS-203', 'LIS-103'),
('LIS-205', 'LIS-103'),
('LIS-301', 'LIS-203'),
('LIS-303', 'LIS-205'),
('LIS-305', 'LIS-203'),
('LIS-401', 'LIS-202'),
('LIS-404', 'LIS-204'),
('LIS-404', 'LIS-302'),
('LIS-501', 'LIS-301'),
('LIS-504', 'LIS-402'),
('LIS-504', 'LIS-501'),
('MAT002', 'MAT001'),
('PRG002', 'PRG001'),
('SIS001', 'PRG001'),
('TUS-201', 'TUS-102'),
('TUS-202', 'TUS-102'),
('TUS-204', 'TUS-104'),
('TUS-205', 'TUS-102'),
('TUS-301', 'TUS-204'),
('TUS-302', 'TUS-203'),
('TUS-303', 'TUS-201'),
('TUS-304', 'TUS-202'),
('TUS-304', 'TUS-205');

-- --------------------------------------------------------

--
-- Estructura de tabla para la tabla `curso`
--

CREATE TABLE `curso` (
  `IDCurso` int(11) NOT NULL,
  `AnioLectivo` int(11) NOT NULL,
  `CodMateria` varchar(10) NOT NULL,
  `Legajo` int(11) NOT NULL,
  `IDAula` int(11) NOT NULL,
  `Activo` tinyint(1) NOT NULL DEFAULT 1
) ENGINE=InnoDB DEFAULT CHARSET=utf8mb4 COLLATE=utf8mb4_general_ci;

--
-- Volcado de datos para la tabla `curso`
--

INSERT INTO `curso` (`IDCurso`, `AnioLectivo`, `CodMateria`, `Legajo`, `IDAula`, `Activo`) VALUES
(1, 2023, 'MAT001', 4, 1, 0),
(2, 2023, 'PRG001', 2, 7, 0),
(3, 2023, 'BDD001', 1, 2, 0),
(4, 2023, 'PRG002', 2, 7, 0),
(5, 2023, 'BDD002', 1, 2, 0),
(6, 2023, 'RED001', 3, 4, 0),
(7, 2023, 'MAT002', 9, 1, 0),
(8, 2023, 'SIS001', 7, 5, 0),
(9, 2024, 'MAT001', 4, 1, 0),
(10, 2024, 'PRG001', 2, 7, 0),
(11, 2024, 'BDD001', 1, 2, 0),
(12, 2024, 'RED001', 3, 4, 0),
(13, 2024, 'MAT002', 9, 3, 0),
(14, 2024, 'GPR001', 6, 5, 0),
(15, 2024, 'ANA001', 8, 6, 0),
(16, 2024, 'PRG002', 10, 7, 0),
(17, 2024, 'BDD002', 1, 2, 0),
(18, 2024, 'SIS001', 7, 4, 0),
(19, 2024, 'GPR001', 12, 6, 0),
(20, 2024, 'ANA001', 8, 5, 0),
(21, 2024, 'MAT001', 4, 1, 0),
(22, 2024, 'PRG001', 2, 8, 0),
(23, 2025, 'MAT001', 4, 1, 0),
(24, 2025, 'PRG001', 2, 7, 0),
(25, 2025, 'BDD001', 1, 2, 0),
(26, 2025, 'RED001', 3, 4, 0),
(27, 2025, 'MAT002', 9, 3, 0),
(28, 2025, 'SIS001', 7, 5, 0),
(29, 2025, 'PRG002', 2, 7, 0),
(30, 2025, 'BDD002', 1, 2, 0),
(31, 2025, 'GPR001', 6, 5, 0),
(32, 2025, 'ANA001', 8, 6, 0),
(33, 2026, 'MAT001', 4, 1, 1),
(34, 2026, 'PRG001', 2, 7, 1),
(35, 2026, 'BDD001', 1, 2, 1),
(36, 2026, 'RED001', 3, 4, 1),
(37, 2026, 'MAT002', 9, 3, 1),
(38, 2026, 'ANA001', 8, 6, 1),
(39, 2026, 'CP-101', 1, 1, 1),
(40, 2026, 'CP-104', 2, 2, 1),
(41, 2026, 'CP-103', 3, 3, 1),
(42, 2026, 'CP-102', 4, 4, 1),
(43, 2026, 'CP-201', 5, 5, 1),
(44, 2026, 'CP-204', 6, 6, 1),
(45, 2026, 'CP-203', 7, 7, 1),
(46, 2026, 'CP-205', 8, 8, 1),
(47, 2026, 'CP-202', 9, 1, 1),
(48, 2026, 'CP-303', 10, 2, 1),
(49, 2026, 'CP-301', 11, 3, 1),
(50, 2026, 'CP-304', 12, 4, 1),
(51, 2026, 'CP-302', 1, 5, 1),
(52, 2026, 'CP-402', 2, 6, 1),
(53, 2026, 'CP-403', 3, 7, 1),
(54, 2026, 'CP-401', 4, 8, 1),
(55, 2026, 'CP-404', 5, 1, 1),
(56, 2026, 'CP-501', 6, 2, 1),
(57, 2026, 'CP-502', 7, 3, 1),
(58, 2026, 'CP-503', 8, 4, 1),
(59, 2026, 'PRG002', 9, 5, 1),
(60, 2026, 'BDD002', 10, 6, 1),
(61, 2026, 'GPR001', 11, 7, 1),
(62, 2026, 'SIS001', 12, 8, 1),
(63, 2026, 'ISI-102', 1, 1, 1),
(64, 2026, 'ISI-101', 2, 2, 1),
(65, 2026, 'ISI-104', 3, 3, 1),
(66, 2026, 'ISI-103', 4, 4, 1),
(67, 2026, 'ISI-203', 5, 5, 1),
(68, 2026, 'ISI-201', 6, 6, 1),
(69, 2026, 'ISI-204', 7, 7, 1),
(70, 2026, 'ISI-202', 8, 8, 1),
(71, 2026, 'ISI-205', 9, 1, 1),
(72, 2026, 'ISI-304', 10, 2, 1),
(73, 2026, 'ISI-301', 11, 3, 1),
(74, 2026, 'ISI-303', 12, 4, 1),
(75, 2026, 'ISI-305', 1, 5, 1),
(76, 2026, 'ISI-302', 2, 6, 1),
(77, 2026, 'ISI-403', 3, 7, 1),
(78, 2026, 'ISI-404', 4, 8, 1),
(79, 2026, 'ISI-401', 5, 1, 1),
(80, 2026, 'ISI-402', 6, 2, 1),
(81, 2026, 'ISI-405', 7, 3, 1),
(82, 2026, 'ISI-501', 8, 4, 1),
(83, 2026, 'ISI-503', 9, 5, 1),
(84, 2026, 'ISI-502', 10, 6, 1),
(85, 2026, 'ISI-504', 11, 7, 1),
(86, 2026, 'LAD-101', 12, 8, 1),
(87, 2026, 'LAD-103', 1, 1, 1),
(88, 2026, 'LAD-104', 2, 2, 1),
(89, 2026, 'LAD-102', 3, 3, 1),
(90, 2026, 'LAD-202', 4, 4, 1),
(91, 2026, 'LAD-201', 5, 5, 1),
(92, 2026, 'LAD-203', 6, 6, 1),
(93, 2026, 'LAD-205', 7, 7, 1),
(94, 2026, 'LAD-204', 8, 8, 1),
(95, 2026, 'LAD-303', 9, 1, 1),
(96, 2026, 'LAD-304', 10, 2, 1),
(97, 2026, 'LAD-301', 11, 3, 1),
(98, 2026, 'LAD-302', 12, 4, 1),
(99, 2026, 'LAD-403', 1, 5, 1),
(100, 2026, 'LAD-401', 2, 6, 1),
(101, 2026, 'LAD-402', 3, 7, 1),
(102, 2026, 'LAD-404', 4, 8, 1);

-- --------------------------------------------------------

--
-- Estructura de tabla para la tabla `cursohorario`
--

CREATE TABLE `cursohorario` (
  `IDCursoHorario` int(11) NOT NULL,
  `IDCurso` int(11) NOT NULL,
  `Dia` enum('Lunes','Martes','Miércoles','Jueves','Viernes','Sábado') NOT NULL,
  `HoraInicio` time NOT NULL,
  `HoraFin` time NOT NULL
) ENGINE=InnoDB DEFAULT CHARSET=utf8mb4 COLLATE=utf8mb4_general_ci;

--
-- Volcado de datos para la tabla `cursohorario`
--

INSERT INTO `cursohorario` (`IDCursoHorario`, `IDCurso`, `Dia`, `HoraInicio`, `HoraFin`) VALUES
(1, 1, 'Lunes', '08:00:00', '10:00:00'),
(2, 2, 'Martes', '10:00:00', '12:00:00'),
(3, 3, 'Miércoles', '14:00:00', '17:00:00'),
(4, 4, 'Lunes', '18:00:00', '21:00:00'),
(5, 5, 'Jueves', '19:00:00', '22:00:00'),
(6, 6, 'Miércoles', '14:00:00', '17:00:00'),
(7, 7, 'Lunes', '18:00:00', '21:00:00'),
(8, 8, 'Viernes', '16:00:00', '19:00:00'),
(9, 9, 'Lunes', '08:00:00', '10:00:00'),
(10, 10, 'Martes', '10:00:00', '12:00:00'),
(11, 11, 'Jueves', '19:00:00', '22:00:00'),
(12, 12, 'Miércoles', '14:00:00', '17:00:00'),
(13, 13, 'Martes', '19:00:00', '22:00:00'),
(14, 14, 'Sábado', '09:00:00', '12:00:00'),
(15, 15, 'Miércoles', '08:00:00', '11:00:00'),
(16, 16, 'Martes', '19:00:00', '22:00:00'),
(17, 17, 'Jueves', '19:00:00', '22:00:00'),
(18, 18, 'Viernes', '16:00:00', '19:00:00'),
(19, 19, 'Sábado', '09:00:00', '12:00:00'),
(20, 20, 'Lunes', '18:00:00', '21:00:00'),
(21, 21, 'Lunes', '08:00:00', '10:00:00'),
(22, 22, 'Martes', '10:00:00', '12:00:00'),
(23, 23, 'Lunes', '08:00:00', '10:00:00'),
(24, 24, 'Martes', '10:00:00', '12:00:00'),
(25, 25, 'Miércoles', '19:00:00', '22:00:00'),
(26, 26, 'Jueves', '14:00:00', '17:00:00'),
(27, 27, 'Martes', '19:00:00', '22:00:00'),
(28, 28, 'Viernes', '16:00:00', '19:00:00'),
(29, 29, 'Lunes', '18:00:00', '21:00:00'),
(30, 30, 'Jueves', '19:00:00', '22:00:00'),
(31, 31, 'Miércoles', '14:00:00', '17:00:00'),
(32, 32, 'Sábado', '09:00:00', '12:00:00'),
(33, 33, 'Lunes', '08:00:00', '10:00:00'),
(34, 34, 'Martes', '10:00:00', '12:00:00'),
(35, 35, 'Miércoles', '19:00:00', '22:00:00'),
(36, 36, 'Jueves', '14:00:00', '17:00:00'),
(37, 37, 'Martes', '19:00:00', '22:00:00'),
(38, 38, 'Sábado', '09:00:00', '10:00:00'),
(39, 39, 'Lunes', '18:00:00', '20:00:00'),
(40, 39, 'Miércoles', '18:00:00', '20:00:00'),
(41, 40, 'Martes', '18:00:00', '20:00:00'),
(42, 40, 'Jueves', '18:00:00', '20:00:00'),
(43, 41, 'Lunes', '20:00:00', '22:00:00'),
(44, 41, 'Miércoles', '20:00:00', '22:00:00'),
(45, 42, 'Martes', '20:00:00', '22:00:00'),
(46, 42, 'Jueves', '20:00:00', '22:00:00'),
(47, 43, 'Miércoles', '18:00:00', '20:00:00'),
(48, 43, 'Viernes', '18:00:00', '20:00:00'),
(49, 44, 'Miércoles', '20:00:00', '22:00:00'),
(50, 44, 'Viernes', '20:00:00', '22:00:00'),
(51, 45, 'Lunes', '18:00:00', '20:00:00'),
(52, 45, 'Miércoles', '18:00:00', '20:00:00'),
(53, 46, 'Martes', '18:00:00', '20:00:00'),
(54, 46, 'Jueves', '18:00:00', '20:00:00'),
(55, 47, 'Lunes', '20:00:00', '22:00:00'),
(56, 47, 'Miércoles', '20:00:00', '22:00:00'),
(57, 48, 'Martes', '20:00:00', '22:00:00'),
(58, 48, 'Jueves', '20:00:00', '22:00:00'),
(59, 49, 'Miércoles', '18:00:00', '20:00:00'),
(60, 49, 'Viernes', '18:00:00', '20:00:00'),
(61, 50, 'Miércoles', '20:00:00', '22:00:00'),
(62, 50, 'Viernes', '20:00:00', '22:00:00'),
(63, 51, 'Lunes', '18:00:00', '20:00:00'),
(64, 51, 'Miércoles', '18:00:00', '20:00:00'),
(65, 52, 'Martes', '18:00:00', '20:00:00'),
(66, 52, 'Jueves', '18:00:00', '20:00:00'),
(67, 53, 'Lunes', '20:00:00', '22:00:00'),
(68, 53, 'Miércoles', '20:00:00', '22:00:00'),
(69, 54, 'Martes', '20:00:00', '22:00:00'),
(70, 54, 'Jueves', '20:00:00', '22:00:00'),
(71, 55, 'Miércoles', '18:00:00', '20:00:00'),
(72, 55, 'Viernes', '18:00:00', '20:00:00'),
(73, 56, 'Miércoles', '20:00:00', '22:00:00'),
(74, 56, 'Viernes', '20:00:00', '22:00:00'),
(75, 57, 'Lunes', '18:00:00', '20:00:00'),
(76, 57, 'Miércoles', '18:00:00', '20:00:00'),
(77, 58, 'Martes', '18:00:00', '20:00:00'),
(78, 58, 'Jueves', '18:00:00', '20:00:00'),
(79, 59, 'Lunes', '20:00:00', '22:00:00'),
(80, 59, 'Miércoles', '20:00:00', '22:00:00'),
(81, 60, 'Martes', '20:00:00', '22:00:00'),
(82, 60, 'Jueves', '20:00:00', '22:00:00'),
(83, 61, 'Miércoles', '18:00:00', '20:00:00'),
(84, 61, 'Viernes', '18:00:00', '20:00:00'),
(85, 62, 'Miércoles', '20:00:00', '22:00:00'),
(86, 62, 'Viernes', '20:00:00', '22:00:00'),
(87, 63, 'Lunes', '18:00:00', '20:00:00'),
(88, 63, 'Miércoles', '18:00:00', '20:00:00'),
(89, 64, 'Martes', '18:00:00', '20:00:00'),
(90, 64, 'Jueves', '18:00:00', '20:00:00'),
(91, 65, 'Lunes', '20:00:00', '22:00:00'),
(92, 65, 'Miércoles', '20:00:00', '22:00:00'),
(93, 66, 'Martes', '20:00:00', '22:00:00'),
(94, 66, 'Jueves', '20:00:00', '22:00:00'),
(95, 67, 'Miércoles', '18:00:00', '20:00:00'),
(96, 67, 'Viernes', '18:00:00', '20:00:00'),
(97, 68, 'Miércoles', '20:00:00', '22:00:00'),
(98, 68, 'Viernes', '20:00:00', '22:00:00'),
(99, 69, 'Lunes', '18:00:00', '20:00:00'),
(100, 69, 'Miércoles', '18:00:00', '20:00:00'),
(101, 70, 'Martes', '18:00:00', '20:00:00'),
(102, 70, 'Jueves', '18:00:00', '20:00:00'),
(103, 71, 'Lunes', '20:00:00', '22:00:00'),
(104, 71, 'Miércoles', '20:00:00', '22:00:00'),
(105, 72, 'Martes', '20:00:00', '22:00:00'),
(106, 72, 'Jueves', '20:00:00', '22:00:00'),
(107, 73, 'Miércoles', '18:00:00', '20:00:00'),
(108, 73, 'Viernes', '18:00:00', '20:00:00'),
(109, 74, 'Miércoles', '20:00:00', '22:00:00'),
(110, 74, 'Viernes', '20:00:00', '22:00:00'),
(111, 75, 'Lunes', '18:00:00', '20:00:00'),
(112, 75, 'Miércoles', '18:00:00', '20:00:00'),
(113, 76, 'Martes', '18:00:00', '20:00:00'),
(114, 76, 'Jueves', '18:00:00', '20:00:00'),
(115, 77, 'Lunes', '20:00:00', '22:00:00'),
(116, 77, 'Miércoles', '20:00:00', '22:00:00'),
(117, 78, 'Martes', '20:00:00', '22:00:00'),
(118, 78, 'Jueves', '20:00:00', '22:00:00'),
(119, 79, 'Miércoles', '18:00:00', '20:00:00'),
(120, 79, 'Viernes', '18:00:00', '20:00:00'),
(121, 80, 'Miércoles', '20:00:00', '22:00:00'),
(122, 80, 'Viernes', '20:00:00', '22:00:00'),
(123, 81, 'Lunes', '18:00:00', '20:00:00'),
(124, 81, 'Miércoles', '18:00:00', '20:00:00'),
(125, 82, 'Martes', '18:00:00', '20:00:00'),
(126, 82, 'Jueves', '18:00:00', '20:00:00'),
(127, 83, 'Lunes', '20:00:00', '22:00:00'),
(128, 83, 'Miércoles', '20:00:00', '22:00:00'),
(129, 84, 'Martes', '20:00:00', '22:00:00'),
(130, 84, 'Jueves', '20:00:00', '22:00:00'),
(131, 85, 'Miércoles', '18:00:00', '20:00:00'),
(132, 85, 'Viernes', '18:00:00', '20:00:00'),
(133, 86, 'Miércoles', '20:00:00', '22:00:00'),
(134, 86, 'Viernes', '20:00:00', '22:00:00'),
(135, 87, 'Lunes', '18:00:00', '20:00:00'),
(136, 87, 'Miércoles', '18:00:00', '20:00:00'),
(137, 88, 'Martes', '18:00:00', '20:00:00'),
(138, 88, 'Jueves', '18:00:00', '20:00:00'),
(139, 89, 'Lunes', '20:00:00', '22:00:00'),
(140, 89, 'Miércoles', '20:00:00', '22:00:00'),
(141, 90, 'Martes', '20:00:00', '22:00:00'),
(142, 90, 'Jueves', '20:00:00', '22:00:00'),
(143, 91, 'Miércoles', '18:00:00', '20:00:00'),
(144, 91, 'Viernes', '18:00:00', '20:00:00'),
(145, 92, 'Miércoles', '20:00:00', '22:00:00'),
(146, 92, 'Viernes', '20:00:00', '22:00:00'),
(147, 93, 'Lunes', '18:00:00', '20:00:00'),
(148, 93, 'Miércoles', '18:00:00', '20:00:00'),
(149, 94, 'Martes', '18:00:00', '20:00:00'),
(150, 94, 'Jueves', '18:00:00', '20:00:00'),
(151, 95, 'Lunes', '20:00:00', '22:00:00'),
(152, 95, 'Miércoles', '20:00:00', '22:00:00'),
(153, 96, 'Martes', '20:00:00', '22:00:00'),
(154, 96, 'Jueves', '20:00:00', '22:00:00'),
(155, 97, 'Miércoles', '18:00:00', '20:00:00'),
(156, 97, 'Viernes', '18:00:00', '20:00:00'),
(157, 98, 'Miércoles', '20:00:00', '22:00:00'),
(158, 98, 'Viernes', '20:00:00', '22:00:00'),
(159, 99, 'Lunes', '18:00:00', '20:00:00'),
(160, 99, 'Miércoles', '18:00:00', '20:00:00'),
(161, 100, 'Martes', '18:00:00', '20:00:00'),
(162, 100, 'Jueves', '18:00:00', '20:00:00'),
(163, 101, 'Lunes', '20:00:00', '22:00:00'),
(164, 101, 'Miércoles', '20:00:00', '22:00:00'),
(165, 102, 'Martes', '20:00:00', '22:00:00'),
(166, 102, 'Jueves', '20:00:00', '22:00:00');

-- --------------------------------------------------------

--
-- Estructura de tabla para la tabla `direccion`
--

CREATE TABLE `direccion` (
  `IDDireccion` int(11) NOT NULL,
  `Calle` varchar(150) NOT NULL,
  `Numero` varchar(20) DEFAULT NULL,
  `Ciudad` varchar(100) NOT NULL,
  `Provincia` varchar(100) NOT NULL,
  `CP` varchar(10) DEFAULT NULL
) ENGINE=InnoDB DEFAULT CHARSET=utf8mb4 COLLATE=utf8mb4_general_ci;

--
-- Volcado de datos para la tabla `direccion`
--

INSERT INTO `direccion` (`IDDireccion`, `Calle`, `Numero`, `Ciudad`, `Provincia`, `CP`) VALUES
(1, 'Av. Corrientes', '1234', 'Buenos Aires', 'Buenos Aires', '1043'),
(2, 'San Martín', '456', 'Córdoba', 'Córdoba', '5000'),
(3, 'Belgrano', '789', 'Rosario', 'Santa Fe', '2000'),
(4, 'Hipólito Yrigoyen', '321', 'La Plata', 'Buenos Aires', '1900'),
(5, '25 de Mayo', '654', 'Mendoza', 'Mendoza', '5500'),
(6, 'Rivadavia', '987', 'Tucumán', 'Tucumán', '4000'),
(7, 'Mitre', '147', 'Mar del Plata', 'Buenos Aires', '7600'),
(8, 'Sarmiento', '258', 'Salta', 'Salta', '4400'),
(9, 'Av. Santa Fe', '369', 'Buenos Aires', 'Buenos Aires', '1059'),
(10, 'Colón', '741', 'Neuquén', 'Neuquén', '8300'),
(11, 'Av. de Mayo', '852', 'Buenos Aires', 'Buenos Aires', '1084'),
(12, 'Pellegrini', '963', 'Córdoba', 'Córdoba', '5001'),
(13, 'Italia', '174', 'Rosario', 'Santa Fe', '2001'),
(14, 'Moreno', '285', 'La Plata', 'Buenos Aires', '1901'),
(15, 'Necochea', '396', 'Mendoza', 'Mendoza', '5501'),
(16, 'Urquiza', '417', 'Tucumán', 'Tucumán', '4001'),
(17, 'Av. Luro', '528', 'Mar del Plata', 'Buenos Aires', '7601'),
(18, 'España', '639', 'Salta', 'Salta', '4401'),
(19, 'Florida', '750', 'Buenos Aires', 'Buenos Aires', '1005'),
(20, 'Pueyrredón', '861', 'Neuquén', 'Neuquén', '8301'),
(21, 'Av. Callao', '972', 'Buenos Aires', 'Buenos Aires', '1022'),
(22, 'Laprida', '183', 'Córdoba', 'Córdoba', '5002'),
(23, 'Mendoza', '294', 'Rosario', 'Santa Fe', '2002'),
(24, 'Diagonal 73', '305', 'La Plata', 'Buenos Aires', '1902'),
(25, 'Godoy Cruz', '416', 'Mendoza', 'Mendoza', '5502'),
(26, 'Congreso', '527', 'Tucumán', 'Tucumán', '4002'),
(27, 'Av. Independencia', '638', 'Mar del Plata', 'Buenos Aires', '7602'),
(28, 'Alberdi', '749', 'Salta', 'Salta', '4402'),
(29, 'Av. 9 de Julio', '850', 'Buenos Aires', 'Buenos Aires', '1332'),
(30, 'Roca', '961', 'Neuquén', 'Neuquén', '8302'),
(31, 'Av. Cabildo', '172', 'Buenos Aires', 'Buenos Aires', '1426'),
(32, 'Lima', '283', 'Córdoba', 'Córdoba', '5003'),
(33, 'Wheelwright', '394', 'Rosario', 'Santa Fe', '2003'),
(34, 'Calle 7', '505', 'La Plata', 'Buenos Aires', '1903'),
(35, 'Aristides Villanueva', '616', 'Mendoza', 'Mendoza', '5503');

-- --------------------------------------------------------

--
-- Estructura de tabla para la tabla `docente`
--

CREATE TABLE `docente` (
  `Legajo` int(11) NOT NULL,
  `Nombre` varchar(100) NOT NULL,
  `Apellido` varchar(100) NOT NULL,
  `DNI` int(11) NOT NULL,
  `Titulo` varchar(150) DEFAULT NULL,
  `Especialidad` varchar(100) DEFAULT NULL,
  `Email` varchar(100) NOT NULL,
  `Activo` tinyint(1) NOT NULL DEFAULT 1
) ENGINE=InnoDB DEFAULT CHARSET=utf8mb4 COLLATE=utf8mb4_general_ci;

--
-- Volcado de datos para la tabla `docente`
--

INSERT INTO `docente` (`Legajo`, `Nombre`, `Apellido`, `DNI`, `Titulo`, `Especialidad`, `Email`, `Activo`) VALUES
(1, 'Carlos', 'Medina', 20111222, 'Lic. en Sistemas', 'Bases de Datos', 'c.medina@academisys.edu.ar', 1),
(2, 'Patricia', 'Ruiz', 21222333, 'Ing. en Informática', 'Programación', 'p.ruiz@academisys.edu.ar', 1),
(3, 'Roberto', 'Herrera', 22333444, 'Mg. en Redes', 'Redes y Comunicaciones', 'r.herrera@academisys.edu.ar', 1),
(4, 'Silvana', 'Castro', 23444555, 'Lic. en Matemática', 'Matemática Discreta', 's.castro@academisys.edu.ar', 1),
(5, 'Alejandro', 'Morales', 24555666, 'Dr. en Ciencias Comp.', 'Algoritmos', 'a.morales@academisys.edu.ar', 1),
(6, 'Marcela', 'Jiménez', 25666777, 'Lic. en Administración', 'Gestión de Proyectos', 'm.jimenez@academisys.edu.ar', 1),
(7, 'Diego', 'Ferreira', 26777888, 'Ing. en Sistemas', 'Sistemas Operativos', 'd.ferreira@academisys.edu.ar', 1),
(8, 'Lorena', 'Santillán', 27888999, 'Mg. en Educación', 'Análisis de Sistemas', 'l.santillan@academisys.edu.ar', 1),
(9, 'Pablo', 'Villalba', 28999000, 'Dr. en Matemática', 'Matemática Aplicada', 'p.villalba@academisys.edu.ar', 1),
(10, 'Verónica', 'Ledesma', 29000111, 'Lic. en Computación', 'Programación Avanzada', 'v.ledesma@academisys.edu.ar', 1),
(11, 'Gustavo', 'Paredes', 19100200, 'Ing. en Electrónica', 'Redes Avanzadas', 'g.paredes@academisys.edu.ar', 1),
(12, 'Claudia', 'Espinoza', 18200300, 'Mg. en Gestión', 'Proyectos de Software', 'c.espinoza@academisys.edu.ar', 1);

-- --------------------------------------------------------

--
-- Estructura de tabla para la tabla `evaluacion`
--

CREATE TABLE `evaluacion` (
  `IDEvaluacion` int(11) NOT NULL,
  `IDInscripcion` int(11) NOT NULL,
  `Tipo` enum('Trabajo Práctico','Parcial','Final') NOT NULL,
  `Nota` decimal(4,2) NOT NULL,
  `Fecha` date NOT NULL,
  `Instancia` int(11) NOT NULL DEFAULT 1 COMMENT '1=Primera, 2=Recuperatorio',
  `Libro` varchar(20) DEFAULT NULL,
  `Folio` varchar(20) DEFAULT NULL,
  `Observaciones` text DEFAULT NULL
) ENGINE=InnoDB DEFAULT CHARSET=utf8mb4 COLLATE=utf8mb4_general_ci;

--
-- Volcado de datos para la tabla `evaluacion`
--

INSERT INTO `evaluacion` (`IDEvaluacion`, `IDInscripcion`, `Tipo`, `Nota`, `Fecha`, `Instancia`, `Libro`, `Folio`, `Observaciones`) VALUES
(1, 1, 'Parcial', 7.00, '2023-05-15', 1, 'Libro 10', 'P001', NULL),
(2, 2, 'Parcial', 6.50, '2023-05-15', 1, 'Libro 10', 'P002', NULL),
(3, 3, 'Parcial', 8.00, '2023-05-16', 1, 'Libro 10', 'P003', NULL),
(4, 4, 'Parcial', 5.00, '2023-05-15', 1, 'Libro 10', 'P004', NULL),
(5, 5, 'Parcial', 9.00, '2023-05-16', 1, 'Libro 10', 'P005', NULL),
(6, 6, 'Parcial', 4.00, '2023-05-17', 1, 'Libro 10', 'P006', NULL),
(7, 6, 'Parcial', 6.00, '2023-06-05', 2, 'Libro 10', 'R001', NULL),
(8, 1, 'Final', 8.00, '2023-07-12', 1, 'Libro 10', 'F001', NULL),
(9, 2, 'Final', 6.50, '2023-07-12', 1, 'Libro 10', 'F002', NULL),
(10, 3, 'Final', 9.00, '2023-07-13', 1, 'Libro 10', 'F003', NULL),
(11, 4, 'Final', 7.00, '2023-07-13', 1, 'Libro 10', 'F004', NULL),
(12, 5, 'Final', 5.00, '2023-07-14', 1, 'Libro 10', 'F005', NULL),
(13, 6, 'Final', 6.00, '2023-07-14', 1, 'Libro 10', 'F006', NULL),
(14, 9, 'Final', 9.50, '2023-07-15', 1, 'Libro 10', 'F007', NULL),
(15, 10, 'Final', 6.00, '2023-07-15', 1, 'Libro 10', 'F008', NULL),
(16, 11, 'Final', 7.50, '2023-07-13', 1, 'Libro 10', 'F009', NULL),
(17, 16, 'Final', 5.50, '2023-07-16', 1, 'Libro 10', 'F010', NULL),
(18, 17, 'Final', 7.00, '2023-07-12', 1, 'Libro 10', 'F011', NULL),
(19, 20, 'Final', 6.50, '2023-07-17', 1, 'Libro 10', 'F012', NULL),
(20, 21, 'Final', 9.00, '2023-07-13', 1, 'Libro 10', 'F013', NULL),
(21, 22, 'Final', 3.50, '2023-07-18', 1, 'Libro 10', 'F014', NULL),
(22, 23, 'Final', 8.00, '2023-07-18', 1, 'Libro 10', 'F015', NULL),
(23, 25, 'Final', 6.00, '2023-07-19', 1, 'Libro 10', 'F016', NULL),
(24, 13, 'Final', 5.00, '2023-12-05', 1, 'Libro 10', 'F017', NULL),
(25, 14, 'Final', 8.50, '2023-12-05', 1, 'Libro 10', 'F018', NULL),
(26, 15, 'Final', 9.00, '2023-12-06', 1, 'Libro 10', 'F019', NULL),
(27, 27, 'Final', 7.50, '2023-12-06', 1, 'Libro 10', 'F020', NULL),
(28, 28, 'Final', 4.00, '2023-12-07', 1, 'Libro 10', 'F021', NULL),
(29, 29, 'Final', 6.00, '2023-12-07', 1, 'Libro 10', 'F022', NULL),
(30, 30, 'Final', 8.00, '2023-12-08', 1, 'Libro 10', 'F023', NULL),
(31, 1, 'Trabajo Práctico', 8.50, '2023-04-20', 1, NULL, NULL, NULL),
(32, 2, 'Trabajo Práctico', 7.00, '2023-04-20', 1, NULL, NULL, NULL),
(33, 41, 'Parcial', 7.00, '2024-05-14', 1, 'Libro 11', 'P007', NULL),
(34, 42, 'Parcial', 8.50, '2024-05-14', 1, 'Libro 11', 'P008', NULL),
(35, 43, 'Parcial', 6.00, '2024-05-15', 1, 'Libro 11', 'P009', NULL),
(36, 45, 'Parcial', 9.00, '2024-05-14', 1, 'Libro 11', 'P010', NULL),
(37, 41, 'Final', 7.00, '2024-07-10', 1, 'Libro 11', 'F029', NULL),
(38, 42, 'Final', 8.50, '2024-07-10', 1, 'Libro 11', 'F030', NULL),
(39, 43, 'Final', 6.00, '2024-07-11', 1, 'Libro 11', 'F031', NULL),
(40, 44, 'Final', 5.50, '2024-07-11', 1, 'Libro 11', 'F032', NULL),
(41, 45, 'Final', 9.00, '2024-07-10', 1, 'Libro 11', 'F033', NULL),
(42, 47, 'Final', 7.50, '2024-07-12', 1, 'Libro 11', 'F034', NULL),
(43, 48, 'Final', 8.00, '2024-07-11', 1, 'Libro 11', 'F035', NULL),
(44, 49, 'Final', 6.50, '2024-07-13', 1, 'Libro 11', 'F036', NULL),
(45, 51, 'Final', 9.50, '2024-07-10', 1, 'Libro 11', 'F037', NULL),
(46, 53, 'Final', 7.00, '2024-07-14', 1, 'Libro 11', 'F038', NULL),
(47, 57, 'Final', 9.00, '2024-07-12', 1, 'Libro 11', 'F039', NULL),
(48, 58, 'Final', 7.50, '2024-07-16', 1, 'Libro 11', 'F040', NULL),
(49, 60, 'Final', 8.00, '2024-07-13', 1, 'Libro 11', 'F041', NULL),
(50, 70, 'Final', 9.50, '2024-07-20', 1, 'Libro 11', 'F042', NULL),
(51, 73, 'Final', 10.00, '2024-07-21', 1, 'Libro 11', 'F043', NULL),
(52, 87, 'Final', 7.00, '2024-12-05', 1, 'Libro 11', 'F044', NULL),
(53, 88, 'Final', 8.00, '2024-12-05', 1, 'Libro 11', 'F045', NULL),
(54, 91, 'Final', 9.00, '2024-12-05', 1, 'Libro 11', 'F046', NULL),
(55, 95, 'Final', 8.50, '2024-12-06', 1, 'Libro 11', 'F047', NULL),
(56, 97, 'Final', 9.50, '2024-12-08', 1, 'Libro 11', 'F048', NULL),
(57, 100, 'Final', 8.00, '2024-12-09', 1, 'Libro 11', 'F049', NULL),
(58, 107, 'Final', 8.50, '2024-12-11', 1, 'Libro 11', 'F050', NULL),
(59, 110, 'Final', 10.00, '2024-12-12', 1, 'Libro 11', 'F051', NULL),
(60, 3, 'Parcial', 2.50, '2026-05-27', 1, NULL, NULL, NULL),
(61, 117, 'Parcial', 4.21, '2025-05-13', 1, 'Libro 12', 'P25-117', NULL),
(62, 118, 'Parcial', 7.72, '2025-05-13', 1, 'Libro 12', 'P25-118', NULL),
(63, 119, 'Parcial', 9.97, '2025-05-13', 1, 'Libro 12', 'P25-119', NULL),
(64, 120, 'Parcial', 4.69, '2025-05-13', 1, 'Libro 12', 'P25-120', NULL),
(65, 121, 'Parcial', 7.55, '2025-05-13', 1, 'Libro 12', 'P25-121', NULL),
(66, 122, 'Parcial', 7.67, '2025-05-13', 1, 'Libro 12', 'P25-122', NULL),
(67, 123, 'Parcial', 5.71, '2025-05-13', 1, 'Libro 12', 'P25-123', NULL),
(68, 124, 'Parcial', 7.53, '2025-05-13', 1, 'Libro 12', 'P25-124', NULL),
(69, 125, 'Parcial', 4.50, '2025-05-13', 1, 'Libro 12', 'P25-125', NULL),
(70, 126, 'Parcial', 7.93, '2025-05-13', 1, 'Libro 12', 'P25-126', NULL),
(71, 132, 'Parcial', 4.17, '2025-05-13', 1, 'Libro 12', 'P25-132', NULL),
(72, 133, 'Parcial', 5.03, '2025-05-13', 1, 'Libro 12', 'P25-133', NULL),
(73, 134, 'Parcial', 8.66, '2025-05-13', 1, 'Libro 12', 'P25-134', NULL),
(74, 135, 'Parcial', 6.21, '2025-05-13', 1, 'Libro 12', 'P25-135', NULL),
(75, 136, 'Parcial', 7.05, '2025-05-13', 1, 'Libro 12', 'P25-136', NULL),
(76, 137, 'Parcial', 6.63, '2025-05-13', 1, 'Libro 12', 'P25-137', NULL),
(77, 138, 'Parcial', 8.02, '2025-05-13', 1, 'Libro 12', 'P25-138', NULL),
(78, 139, 'Parcial', 4.20, '2025-05-13', 1, 'Libro 12', 'P25-139', NULL),
(79, 140, 'Parcial', 4.92, '2025-05-13', 1, 'Libro 12', 'P25-140', NULL),
(80, 141, 'Parcial', 8.00, '2025-05-13', 1, 'Libro 12', 'P25-141', NULL),
(81, 147, 'Parcial', 9.24, '2025-05-13', 1, 'Libro 12', 'P25-147', NULL),
(82, 148, 'Parcial', 6.20, '2025-05-13', 1, 'Libro 12', 'P25-148', NULL),
(83, 149, 'Parcial', 5.30, '2025-05-13', 1, 'Libro 12', 'P25-149', NULL),
(84, 150, 'Parcial', 9.88, '2025-05-13', 1, 'Libro 12', 'P25-150', NULL),
(85, 151, 'Parcial', 5.50, '2025-05-13', 1, 'Libro 12', 'P25-151', NULL),
(86, 152, 'Parcial', 5.86, '2025-05-13', 1, 'Libro 12', 'P25-152', NULL),
(87, 153, 'Parcial', 8.81, '2025-05-13', 1, 'Libro 12', 'P25-153', NULL),
(88, 154, 'Parcial', 4.47, '2025-05-13', 1, 'Libro 12', 'P25-154', NULL),
(89, 155, 'Parcial', 9.92, '2025-05-13', 1, 'Libro 12', 'P25-155', NULL),
(90, 156, 'Parcial', 8.17, '2025-05-13', 1, 'Libro 12', 'P25-156', NULL),
(91, 157, 'Parcial', 7.09, '2025-05-13', 1, 'Libro 12', 'P25-157', NULL),
(92, 158, 'Parcial', 6.95, '2025-05-13', 1, 'Libro 12', 'P25-158', NULL),
(93, 162, 'Parcial', 9.48, '2025-05-13', 1, 'Libro 12', 'P25-162', NULL),
(94, 163, 'Parcial', 4.53, '2025-05-13', 1, 'Libro 12', 'P25-163', NULL),
(95, 164, 'Parcial', 8.22, '2025-05-13', 1, 'Libro 12', 'P25-164', NULL),
(96, 165, 'Parcial', 5.51, '2025-05-13', 1, 'Libro 12', 'P25-165', NULL),
(97, 166, 'Parcial', 4.88, '2025-05-13', 1, 'Libro 12', 'P25-166', NULL),
(98, 167, 'Parcial', 9.87, '2025-05-13', 1, 'Libro 12', 'P25-167', NULL),
(99, 168, 'Parcial', 6.72, '2025-05-13', 1, 'Libro 12', 'P25-168', NULL),
(100, 169, 'Parcial', 6.01, '2025-05-13', 1, 'Libro 12', 'P25-169', NULL),
(101, 177, 'Parcial', 5.87, '2025-05-13', 1, 'Libro 12', 'P25-177', NULL),
(102, 178, 'Parcial', 7.30, '2025-05-13', 1, 'Libro 12', 'P25-178', NULL),
(103, 179, 'Parcial', 8.92, '2025-05-13', 1, 'Libro 12', 'P25-179', NULL),
(104, 180, 'Parcial', 6.70, '2025-05-13', 1, 'Libro 12', 'P25-180', NULL),
(105, 181, 'Parcial', 8.74, '2025-05-13', 1, 'Libro 12', 'P25-181', NULL),
(106, 182, 'Parcial', 7.58, '2025-05-13', 1, 'Libro 12', 'P25-182', NULL),
(107, 183, 'Parcial', 7.70, '2025-05-13', 1, 'Libro 12', 'P25-183', NULL),
(108, 184, 'Parcial', 5.75, '2025-05-13', 1, 'Libro 12', 'P25-184', NULL),
(109, 185, 'Parcial', 7.66, '2025-05-13', 1, 'Libro 12', 'P25-185', NULL),
(110, 186, 'Parcial', 5.03, '2025-05-13', 1, 'Libro 12', 'P25-186', NULL),
(111, 187, 'Parcial', 4.18, '2025-05-13', 1, 'Libro 12', 'P25-187', NULL),
(112, 188, 'Parcial', 7.80, '2025-05-13', 1, 'Libro 12', 'P25-188', NULL),
(113, 189, 'Parcial', 4.45, '2025-05-13', 1, 'Libro 12', 'P25-189', NULL),
(114, 190, 'Parcial', 6.85, '2025-05-13', 1, 'Libro 12', 'P25-190', NULL),
(124, 117, 'Parcial', 5.76, '2025-06-03', 2, 'Libro 12', 'R25-117', NULL),
(125, 120, 'Parcial', 6.68, '2025-06-03', 2, 'Libro 12', 'R25-120', NULL),
(126, 123, 'Parcial', 6.12, '2025-06-03', 2, 'Libro 12', 'R25-123', NULL),
(127, 125, 'Parcial', 5.57, '2025-06-03', 2, 'Libro 12', 'R25-125', NULL),
(128, 132, 'Parcial', 9.47, '2025-06-03', 2, 'Libro 12', 'R25-132', NULL),
(129, 133, 'Parcial', 5.66, '2025-06-03', 2, 'Libro 12', 'R25-133', NULL),
(130, 139, 'Parcial', 9.90, '2025-06-03', 2, 'Libro 12', 'R25-139', NULL),
(131, 140, 'Parcial', 7.49, '2025-06-03', 2, 'Libro 12', 'R25-140', NULL),
(132, 149, 'Parcial', 7.75, '2025-06-03', 2, 'Libro 12', 'R25-149', NULL),
(133, 151, 'Parcial', 6.27, '2025-06-03', 2, 'Libro 12', 'R25-151', NULL),
(134, 152, 'Parcial', 8.12, '2025-06-03', 2, 'Libro 12', 'R25-152', NULL),
(135, 154, 'Parcial', 6.76, '2025-06-03', 2, 'Libro 12', 'R25-154', NULL),
(136, 163, 'Parcial', 9.47, '2025-06-03', 2, 'Libro 12', 'R25-163', NULL),
(137, 165, 'Parcial', 7.08, '2025-06-03', 2, 'Libro 12', 'R25-165', NULL),
(138, 166, 'Parcial', 6.97, '2025-06-03', 2, 'Libro 12', 'R25-166', NULL),
(139, 177, 'Parcial', 8.62, '2025-06-03', 2, 'Libro 12', 'R25-177', NULL),
(140, 184, 'Parcial', 7.17, '2025-06-03', 2, 'Libro 12', 'R25-184', NULL),
(141, 186, 'Parcial', 9.98, '2025-06-03', 2, 'Libro 12', 'R25-186', NULL),
(142, 187, 'Parcial', 8.42, '2025-06-03', 2, 'Libro 12', 'R25-187', NULL),
(143, 189, 'Parcial', 7.16, '2025-06-03', 2, 'Libro 12', 'R25-189', NULL),
(155, 117, 'Final', 5.53, '2025-07-10', 1, 'Libro 12', 'F25-117', NULL),
(156, 118, 'Final', 6.17, '2025-07-10', 1, 'Libro 12', 'F25-118', NULL),
(157, 119, 'Final', 9.24, '2025-07-10', 1, 'Libro 12', 'F25-119', NULL),
(158, 120, 'Final', 7.71, '2025-07-10', 1, 'Libro 12', 'F25-120', NULL),
(159, 121, 'Final', 5.83, '2025-07-10', 1, 'Libro 12', 'F25-121', NULL),
(160, 122, 'Final', 6.02, '2025-07-10', 1, 'Libro 12', 'F25-122', NULL),
(161, 123, 'Final', 7.62, '2025-07-10', 1, 'Libro 12', 'F25-123', NULL),
(162, 124, 'Final', 5.01, '2025-07-10', 1, 'Libro 12', 'F25-124', NULL),
(163, 125, 'Final', 7.22, '2025-07-10', 1, 'Libro 12', 'F25-125', NULL),
(164, 126, 'Final', 6.07, '2025-07-10', 1, 'Libro 12', 'F25-126', NULL),
(165, 132, 'Final', 8.68, '2025-07-10', 1, 'Libro 12', 'F25-132', NULL),
(166, 133, 'Final', 5.21, '2025-07-10', 1, 'Libro 12', 'F25-133', NULL),
(167, 134, 'Final', 10.00, '2025-07-10', 1, 'Libro 12', 'F25-134', NULL),
(168, 135, 'Final', 9.37, '2025-07-10', 1, 'Libro 12', 'F25-135', NULL),
(169, 136, 'Final', 6.83, '2025-07-10', 1, 'Libro 12', 'F25-136', NULL),
(170, 137, 'Final', 6.05, '2025-07-10', 1, 'Libro 12', 'F25-137', NULL),
(171, 138, 'Final', 9.75, '2025-07-10', 1, 'Libro 12', 'F25-138', NULL),
(172, 139, 'Final', 5.61, '2025-07-10', 1, 'Libro 12', 'F25-139', NULL),
(173, 140, 'Final', 8.78, '2025-07-10', 1, 'Libro 12', 'F25-140', NULL),
(174, 141, 'Final', 7.07, '2025-07-10', 1, 'Libro 12', 'F25-141', NULL),
(175, 147, 'Final', 9.03, '2025-07-10', 1, 'Libro 12', 'F25-147', NULL),
(176, 148, 'Final', 8.95, '2025-07-10', 1, 'Libro 12', 'F25-148', NULL),
(177, 149, 'Final', 7.64, '2025-07-10', 1, 'Libro 12', 'F25-149', NULL),
(178, 150, 'Final', 6.37, '2025-07-10', 1, 'Libro 12', 'F25-150', NULL),
(179, 151, 'Final', 8.90, '2025-07-10', 1, 'Libro 12', 'F25-151', NULL),
(180, 152, 'Final', 5.42, '2025-07-10', 1, 'Libro 12', 'F25-152', NULL),
(181, 153, 'Final', 5.39, '2025-07-10', 1, 'Libro 12', 'F25-153', NULL),
(182, 154, 'Final', 5.68, '2025-07-10', 1, 'Libro 12', 'F25-154', NULL),
(183, 155, 'Final', 7.24, '2025-07-10', 1, 'Libro 12', 'F25-155', NULL),
(184, 156, 'Final', 9.17, '2025-07-10', 1, 'Libro 12', 'F25-156', NULL),
(185, 157, 'Final', 9.13, '2025-07-10', 1, 'Libro 12', 'F25-157', NULL),
(186, 158, 'Final', 8.14, '2025-07-10', 1, 'Libro 12', 'F25-158', NULL),
(187, 162, 'Final', 8.30, '2025-07-10', 1, 'Libro 12', 'F25-162', NULL),
(188, 163, 'Final', 7.10, '2025-07-10', 1, 'Libro 12', 'F25-163', NULL),
(189, 164, 'Final', 5.59, '2025-07-10', 1, 'Libro 12', 'F25-164', NULL),
(190, 165, 'Final', 6.66, '2025-07-10', 1, 'Libro 12', 'F25-165', NULL),
(191, 166, 'Final', 6.51, '2025-07-10', 1, 'Libro 12', 'F25-166', NULL),
(192, 167, 'Final', 7.59, '2025-07-10', 1, 'Libro 12', 'F25-167', NULL),
(193, 168, 'Final', 8.42, '2025-07-10', 1, 'Libro 12', 'F25-168', NULL),
(194, 169, 'Final', 9.31, '2025-07-10', 1, 'Libro 12', 'F25-169', NULL),
(195, 177, 'Final', 6.32, '2025-07-10', 1, 'Libro 12', 'F25-177', NULL),
(196, 178, 'Final', 8.64, '2025-07-10', 1, 'Libro 12', 'F25-178', NULL),
(197, 179, 'Final', 9.24, '2025-07-10', 1, 'Libro 12', 'F25-179', NULL),
(198, 180, 'Final', 5.29, '2025-07-10', 1, 'Libro 12', 'F25-180', NULL),
(199, 181, 'Final', 8.75, '2025-07-10', 1, 'Libro 12', 'F25-181', NULL),
(200, 182, 'Final', 7.85, '2025-07-10', 1, 'Libro 12', 'F25-182', NULL),
(201, 183, 'Final', 8.02, '2025-07-10', 1, 'Libro 12', 'F25-183', NULL),
(202, 184, 'Final', 6.55, '2025-07-10', 1, 'Libro 12', 'F25-184', NULL),
(203, 185, 'Final', 8.68, '2025-07-10', 1, 'Libro 12', 'F25-185', NULL),
(204, 186, 'Final', 8.76, '2025-07-10', 1, 'Libro 12', 'F25-186', NULL),
(205, 187, 'Final', 7.75, '2025-07-10', 1, 'Libro 12', 'F25-187', NULL),
(206, 188, 'Final', 7.48, '2025-07-10', 1, 'Libro 12', 'F25-188', NULL),
(207, 189, 'Final', 9.13, '2025-07-10', 1, 'Libro 12', 'F25-189', NULL),
(208, 190, 'Final', 8.23, '2025-07-10', 1, 'Libro 12', 'F25-190', NULL),
(218, 191, 'Parcial', 8.49, '2025-09-16', 1, 'Libro 12', 'P25B-191', NULL),
(219, 192, 'Parcial', 8.81, '2025-09-16', 1, 'Libro 12', 'P25B-192', NULL),
(220, 193, 'Parcial', 8.61, '2025-09-16', 1, 'Libro 12', 'P25B-193', NULL),
(221, 194, 'Parcial', 6.59, '2025-09-16', 1, 'Libro 12', 'P25B-194', NULL),
(222, 195, 'Parcial', 9.13, '2025-09-16', 1, 'Libro 12', 'P25B-195', NULL),
(223, 196, 'Parcial', 9.88, '2025-09-16', 1, 'Libro 12', 'P25B-196', NULL),
(224, 197, 'Parcial', 5.99, '2025-09-16', 1, 'Libro 12', 'P25B-197', NULL),
(225, 198, 'Parcial', 8.34, '2025-09-16', 1, 'Libro 12', 'P25B-198', NULL),
(226, 199, 'Parcial', 7.73, '2025-09-16', 1, 'Libro 12', 'P25B-199', NULL),
(227, 200, 'Parcial', 9.61, '2025-09-16', 1, 'Libro 12', 'P25B-200', NULL),
(228, 206, 'Parcial', 8.87, '2025-09-16', 1, 'Libro 12', 'P25B-206', NULL),
(229, 207, 'Parcial', 5.52, '2025-09-16', 1, 'Libro 12', 'P25B-207', NULL),
(230, 208, 'Parcial', 8.97, '2025-09-16', 1, 'Libro 12', 'P25B-208', NULL),
(231, 209, 'Parcial', 6.30, '2025-09-16', 1, 'Libro 12', 'P25B-209', NULL),
(232, 210, 'Parcial', 6.61, '2025-09-16', 1, 'Libro 12', 'P25B-210', NULL),
(233, 211, 'Parcial', 4.12, '2025-09-16', 1, 'Libro 12', 'P25B-211', NULL),
(234, 212, 'Parcial', 8.77, '2025-09-16', 1, 'Libro 12', 'P25B-212', NULL),
(235, 213, 'Parcial', 9.51, '2025-09-16', 1, 'Libro 12', 'P25B-213', NULL),
(236, 214, 'Parcial', 5.24, '2025-09-16', 1, 'Libro 12', 'P25B-214', NULL),
(237, 215, 'Parcial', 5.66, '2025-09-16', 1, 'Libro 12', 'P25B-215', NULL),
(238, 221, 'Parcial', 8.59, '2025-09-16', 1, 'Libro 12', 'P25B-221', NULL),
(239, 222, 'Parcial', 9.95, '2025-09-16', 1, 'Libro 12', 'P25B-222', NULL),
(240, 223, 'Parcial', 8.00, '2025-09-16', 1, 'Libro 12', 'P25B-223', NULL),
(241, 224, 'Parcial', 6.13, '2025-09-16', 1, 'Libro 12', 'P25B-224', NULL),
(242, 225, 'Parcial', 8.64, '2025-09-16', 1, 'Libro 12', 'P25B-225', NULL),
(243, 226, 'Parcial', 8.83, '2025-09-16', 1, 'Libro 12', 'P25B-226', NULL),
(244, 227, 'Parcial', 8.23, '2025-09-16', 1, 'Libro 12', 'P25B-227', NULL),
(245, 228, 'Parcial', 4.64, '2025-09-16', 1, 'Libro 12', 'P25B-228', NULL),
(246, 236, 'Parcial', 6.51, '2025-09-16', 1, 'Libro 12', 'P25B-236', NULL),
(247, 237, 'Parcial', 8.64, '2025-09-16', 1, 'Libro 12', 'P25B-237', NULL),
(248, 238, 'Parcial', 7.65, '2025-09-16', 1, 'Libro 12', 'P25B-238', NULL),
(249, 239, 'Parcial', 8.36, '2025-09-16', 1, 'Libro 12', 'P25B-239', NULL),
(250, 240, 'Parcial', 8.84, '2025-09-16', 1, 'Libro 12', 'P25B-240', NULL),
(251, 241, 'Parcial', 9.10, '2025-09-16', 1, 'Libro 12', 'P25B-241', NULL),
(252, 242, 'Parcial', 9.00, '2025-09-16', 1, 'Libro 12', 'P25B-242', NULL),
(281, 191, 'Final', 8.07, '2025-12-09', 1, 'Libro 12', 'F25B-191', NULL),
(282, 192, 'Final', 7.87, '2025-12-09', 1, 'Libro 12', 'F25B-192', NULL),
(283, 193, 'Final', 5.13, '2025-12-09', 1, 'Libro 12', 'F25B-193', NULL),
(284, 194, 'Final', 7.05, '2025-12-09', 1, 'Libro 12', 'F25B-194', NULL),
(285, 195, 'Final', 9.87, '2025-12-09', 1, 'Libro 12', 'F25B-195', NULL),
(286, 196, 'Final', 8.21, '2025-12-09', 1, 'Libro 12', 'F25B-196', NULL),
(287, 197, 'Final', 6.42, '2025-12-09', 1, 'Libro 12', 'F25B-197', NULL),
(288, 198, 'Final', 7.47, '2025-12-09', 1, 'Libro 12', 'F25B-198', NULL),
(289, 199, 'Final', 8.09, '2025-12-09', 1, 'Libro 12', 'F25B-199', NULL),
(290, 200, 'Final', 8.04, '2025-12-09', 1, 'Libro 12', 'F25B-200', NULL),
(291, 206, 'Final', 5.95, '2025-12-09', 1, 'Libro 12', 'F25B-206', NULL),
(292, 207, 'Final', 5.62, '2025-12-09', 1, 'Libro 12', 'F25B-207', NULL),
(293, 208, 'Final', 5.25, '2025-12-09', 1, 'Libro 12', 'F25B-208', NULL),
(294, 209, 'Final', 9.40, '2025-12-09', 1, 'Libro 12', 'F25B-209', NULL),
(295, 210, 'Final', 6.22, '2025-12-09', 1, 'Libro 12', 'F25B-210', NULL),
(296, 211, 'Final', 7.93, '2025-12-09', 1, 'Libro 12', 'F25B-211', NULL),
(297, 212, 'Final', 5.97, '2025-12-09', 1, 'Libro 12', 'F25B-212', NULL),
(298, 213, 'Final', 6.07, '2025-12-09', 1, 'Libro 12', 'F25B-213', NULL),
(299, 214, 'Final', 7.44, '2025-12-09', 1, 'Libro 12', 'F25B-214', NULL),
(300, 215, 'Final', 8.98, '2025-12-09', 1, 'Libro 12', 'F25B-215', NULL),
(301, 221, 'Final', 7.59, '2025-12-09', 1, 'Libro 12', 'F25B-221', NULL),
(302, 222, 'Final', 5.99, '2025-12-09', 1, 'Libro 12', 'F25B-222', NULL),
(303, 223, 'Final', 7.17, '2025-12-09', 1, 'Libro 12', 'F25B-223', NULL),
(304, 224, 'Final', 7.91, '2025-12-09', 1, 'Libro 12', 'F25B-224', NULL),
(305, 225, 'Final', 8.03, '2025-12-09', 1, 'Libro 12', 'F25B-225', NULL),
(306, 226, 'Final', 6.43, '2025-12-09', 1, 'Libro 12', 'F25B-226', NULL),
(307, 227, 'Final', 8.03, '2025-12-09', 1, 'Libro 12', 'F25B-227', NULL),
(308, 228, 'Final', 5.89, '2025-12-09', 1, 'Libro 12', 'F25B-228', NULL),
(309, 236, 'Final', 5.35, '2025-12-09', 1, 'Libro 12', 'F25B-236', NULL),
(310, 237, 'Final', 9.08, '2025-12-09', 1, 'Libro 12', 'F25B-237', NULL),
(311, 238, 'Final', 9.37, '2025-12-09', 1, 'Libro 12', 'F25B-238', NULL),
(312, 239, 'Final', 9.60, '2025-12-09', 1, 'Libro 12', 'F25B-239', NULL),
(313, 240, 'Final', 9.90, '2025-12-09', 1, 'Libro 12', 'F25B-240', NULL),
(314, 241, 'Final', 5.68, '2025-12-09', 1, 'Libro 12', 'F25B-241', NULL),
(315, 242, 'Final', 8.69, '2025-12-09', 1, 'Libro 12', 'F25B-242', NULL),
(344, 243, 'Parcial', 5.69, '2026-05-12', 1, 'Libro 13', 'P26-243', NULL),
(345, 244, 'Parcial', 5.17, '2026-05-12', 1, 'Libro 13', 'P26-244', NULL),
(346, 245, 'Parcial', 4.79, '2026-05-12', 1, 'Libro 13', 'P26-245', NULL),
(347, 246, 'Parcial', 4.43, '2026-05-12', 1, 'Libro 13', 'P26-246', NULL),
(348, 247, 'Parcial', 9.78, '2026-05-12', 1, 'Libro 13', 'P26-247', NULL),
(349, 248, 'Parcial', 7.63, '2026-05-12', 1, 'Libro 13', 'P26-248', NULL),
(350, 249, 'Parcial', 4.78, '2026-05-12', 1, 'Libro 13', 'P26-249', NULL),
(351, 250, 'Parcial', 9.02, '2026-05-12', 1, 'Libro 13', 'P26-250', NULL),
(352, 251, 'Parcial', 8.75, '2026-05-12', 1, 'Libro 13', 'P26-251', NULL),
(353, 252, 'Parcial', 6.68, '2026-05-12', 1, 'Libro 13', 'P26-252', NULL),
(354, 258, 'Parcial', 9.16, '2026-05-12', 1, 'Libro 13', 'P26-258', NULL),
(355, 259, 'Parcial', 9.76, '2026-05-12', 1, 'Libro 13', 'P26-259', NULL),
(356, 260, 'Parcial', 5.30, '2026-05-12', 1, 'Libro 13', 'P26-260', NULL),
(357, 261, 'Parcial', 5.24, '2026-05-12', 1, 'Libro 13', 'P26-261', NULL),
(358, 262, 'Parcial', 6.31, '2026-05-12', 1, 'Libro 13', 'P26-262', NULL),
(359, 263, 'Parcial', 5.82, '2026-05-12', 1, 'Libro 13', 'P26-263', NULL),
(360, 264, 'Parcial', 6.17, '2026-05-12', 1, 'Libro 13', 'P26-264', NULL),
(361, 265, 'Parcial', 9.39, '2026-05-12', 1, 'Libro 13', 'P26-265', NULL),
(362, 266, 'Parcial', 6.46, '2026-05-12', 1, 'Libro 13', 'P26-266', NULL),
(363, 267, 'Parcial', 6.10, '2026-05-12', 1, 'Libro 13', 'P26-267', NULL),
(364, 273, 'Parcial', 7.13, '2026-05-12', 1, 'Libro 13', 'P26-273', NULL),
(365, 274, 'Parcial', 7.37, '2026-05-12', 1, 'Libro 13', 'P26-274', NULL),
(366, 275, 'Parcial', 5.46, '2026-05-12', 1, 'Libro 13', 'P26-275', NULL),
(367, 276, 'Parcial', 7.16, '2026-05-12', 1, 'Libro 13', 'P26-276', NULL),
(368, 277, 'Parcial', 9.45, '2026-05-12', 1, 'Libro 13', 'P26-277', NULL),
(369, 278, 'Parcial', 9.75, '2026-05-12', 1, 'Libro 13', 'P26-278', NULL),
(370, 279, 'Parcial', 4.43, '2026-05-12', 1, 'Libro 13', 'P26-279', NULL),
(371, 280, 'Parcial', 6.86, '2026-05-12', 1, 'Libro 13', 'P26-280', NULL),
(372, 281, 'Parcial', 5.05, '2026-05-12', 1, 'Libro 13', 'P26-281', NULL),
(373, 282, 'Parcial', 6.63, '2026-05-12', 1, 'Libro 13', 'P26-282', NULL),
(374, 283, 'Parcial', 8.03, '2026-05-12', 1, 'Libro 13', 'P26-283', NULL),
(375, 284, 'Parcial', 4.23, '2026-05-12', 1, 'Libro 13', 'P26-284', NULL),
(376, 288, 'Parcial', 5.08, '2026-05-12', 1, 'Libro 13', 'P26-288', NULL),
(377, 289, 'Parcial', 8.71, '2026-05-12', 1, 'Libro 13', 'P26-289', NULL),
(378, 290, 'Parcial', 6.30, '2026-05-12', 1, 'Libro 13', 'P26-290', NULL),
(379, 291, 'Parcial', 7.39, '2026-05-12', 1, 'Libro 13', 'P26-291', NULL),
(380, 292, 'Parcial', 8.03, '2026-05-12', 1, 'Libro 13', 'P26-292', NULL),
(381, 293, 'Parcial', 7.99, '2026-05-12', 1, 'Libro 13', 'P26-293', NULL),
(382, 294, 'Parcial', 5.84, '2026-05-12', 1, 'Libro 13', 'P26-294', NULL),
(383, 295, 'Parcial', 7.26, '2026-05-12', 1, 'Libro 13', 'P26-295', NULL),
(384, 296, 'Parcial', 8.75, '2026-05-12', 1, 'Libro 13', 'P26-296', NULL),
(385, 297, 'Parcial', 6.00, '2026-05-12', 1, 'Libro 13', 'P26-297', NULL),
(386, 298, 'Parcial', 5.75, '2026-05-12', 1, 'Libro 13', 'P26-298', NULL),
(387, 299, 'Parcial', 6.74, '2026-05-12', 1, 'Libro 13', 'P26-299', NULL),
(388, 300, 'Parcial', 6.45, '2026-05-12', 1, 'Libro 13', 'P26-300', NULL),
(389, 302, 'Parcial', 8.01, '2026-05-12', 1, 'Libro 13', 'P26-302', NULL),
(390, 303, 'Parcial', 4.71, '2026-05-12', 1, 'Libro 13', 'P26-303', NULL),
(391, 304, 'Parcial', 7.53, '2026-05-12', 1, 'Libro 13', 'P26-304', NULL),
(392, 305, 'Parcial', 7.52, '2026-05-12', 1, 'Libro 13', 'P26-305', NULL),
(393, 306, 'Parcial', 4.99, '2026-05-12', 1, 'Libro 13', 'P26-306', NULL),
(407, 243, 'Trabajo Práctico', 6.26, '2026-04-14', 1, NULL, NULL, NULL),
(408, 244, 'Trabajo Práctico', 9.32, '2026-04-14', 1, NULL, NULL, NULL),
(409, 245, 'Trabajo Práctico', 9.82, '2026-04-14', 1, NULL, NULL, NULL),
(410, 246, 'Trabajo Práctico', 7.12, '2026-04-14', 1, NULL, NULL, NULL),
(411, 247, 'Trabajo Práctico', 8.16, '2026-04-14', 1, NULL, NULL, NULL),
(412, 248, 'Trabajo Práctico', 9.44, '2026-04-14', 1, NULL, NULL, NULL),
(413, 249, 'Trabajo Práctico', 8.73, '2026-04-14', 1, NULL, NULL, NULL),
(414, 250, 'Trabajo Práctico', 9.31, '2026-04-14', 1, NULL, NULL, NULL),
(415, 251, 'Trabajo Práctico', 6.37, '2026-04-14', 1, NULL, NULL, NULL),
(416, 252, 'Trabajo Práctico', 9.92, '2026-04-14', 1, NULL, NULL, NULL),
(417, 258, 'Trabajo Práctico', 8.50, '2026-04-14', 1, NULL, NULL, NULL),
(418, 259, 'Trabajo Práctico', 6.73, '2026-04-14', 1, NULL, NULL, NULL),
(419, 260, 'Trabajo Práctico', 6.14, '2026-04-14', 1, NULL, NULL, NULL),
(420, 261, 'Trabajo Práctico', 8.52, '2026-04-14', 1, NULL, NULL, NULL),
(421, 262, 'Trabajo Práctico', 6.19, '2026-04-14', 1, NULL, NULL, NULL),
(422, 263, 'Trabajo Práctico', 7.38, '2026-04-14', 1, NULL, NULL, NULL),
(423, 264, 'Trabajo Práctico', 8.33, '2026-04-14', 1, NULL, NULL, NULL),
(424, 265, 'Trabajo Práctico', 9.51, '2026-04-14', 1, NULL, NULL, NULL),
(425, 266, 'Trabajo Práctico', 8.58, '2026-04-14', 1, NULL, NULL, NULL),
(426, 267, 'Trabajo Práctico', 8.36, '2026-04-14', 1, NULL, NULL, NULL),
(427, 273, 'Trabajo Práctico', 6.04, '2026-04-14', 1, NULL, NULL, NULL),
(428, 274, 'Trabajo Práctico', 7.14, '2026-04-14', 1, NULL, NULL, NULL),
(429, 275, 'Trabajo Práctico', 7.57, '2026-04-14', 1, NULL, NULL, NULL),
(430, 276, 'Trabajo Práctico', 6.44, '2026-04-14', 1, NULL, NULL, NULL),
(431, 277, 'Trabajo Práctico', 7.48, '2026-04-14', 1, NULL, NULL, NULL),
(432, 278, 'Trabajo Práctico', 8.10, '2026-04-14', 1, NULL, NULL, NULL),
(433, 279, 'Trabajo Práctico', 8.04, '2026-04-14', 1, NULL, NULL, NULL),
(434, 280, 'Trabajo Práctico', 9.89, '2026-04-14', 1, NULL, NULL, NULL),
(435, 281, 'Trabajo Práctico', 7.33, '2026-04-14', 1, NULL, NULL, NULL),
(436, 282, 'Trabajo Práctico', 8.98, '2026-04-14', 1, NULL, NULL, NULL),
(437, 283, 'Trabajo Práctico', 8.90, '2026-04-14', 1, NULL, NULL, NULL),
(438, 284, 'Trabajo Práctico', 7.57, '2026-04-14', 1, NULL, NULL, NULL),
(439, 288, 'Trabajo Práctico', 9.14, '2026-04-14', 1, NULL, NULL, NULL),
(440, 289, 'Trabajo Práctico', 9.02, '2026-04-14', 1, NULL, NULL, NULL),
(441, 290, 'Trabajo Práctico', 7.65, '2026-04-14', 1, NULL, NULL, NULL),
(442, 291, 'Trabajo Práctico', 9.22, '2026-04-14', 1, NULL, NULL, NULL),
(443, 292, 'Trabajo Práctico', 9.14, '2026-04-14', 1, NULL, NULL, NULL),
(444, 293, 'Trabajo Práctico', 8.03, '2026-04-14', 1, NULL, NULL, NULL),
(445, 294, 'Trabajo Práctico', 6.75, '2026-04-14', 1, NULL, NULL, NULL),
(446, 295, 'Trabajo Práctico', 7.65, '2026-04-14', 1, NULL, NULL, NULL),
(447, 296, 'Trabajo Práctico', 8.02, '2026-04-14', 1, NULL, NULL, NULL),
(448, 297, 'Trabajo Práctico', 7.13, '2026-04-14', 1, NULL, NULL, NULL),
(449, 298, 'Trabajo Práctico', 9.58, '2026-04-14', 1, NULL, NULL, NULL),
(450, 299, 'Trabajo Práctico', 8.54, '2026-04-14', 1, NULL, NULL, NULL),
(451, 300, 'Trabajo Práctico', 7.95, '2026-04-14', 1, NULL, NULL, NULL),
(452, 302, 'Trabajo Práctico', 8.12, '2026-04-14', 1, NULL, NULL, NULL),
(453, 303, 'Trabajo Práctico', 6.77, '2026-04-14', 1, NULL, NULL, NULL),
(454, 304, 'Trabajo Práctico', 7.46, '2026-04-14', 1, NULL, NULL, NULL),
(455, 305, 'Trabajo Práctico', 7.01, '2026-04-14', 1, NULL, NULL, NULL),
(456, 306, 'Trabajo Práctico', 6.68, '2026-04-14', 1, NULL, NULL, NULL),
(457, 307, 'Parcial', 9.00, '2026-06-17', 1, NULL, NULL, NULL);

-- --------------------------------------------------------

--
-- Estructura de tabla para la tabla `inscripcion`
--

CREATE TABLE `inscripcion` (
  `IDInscripcion` int(11) NOT NULL,
  `FechaInscripcion` date NOT NULL,
  `Estado` enum('Activo','Regular','Libre','Baja','Aprobado') NOT NULL DEFAULT 'Activo',
  `DNI` int(11) NOT NULL,
  `IDCurso` int(11) NOT NULL
) ENGINE=InnoDB DEFAULT CHARSET=utf8mb4 COLLATE=utf8mb4_general_ci;

--
-- Volcado de datos para la tabla `inscripcion`
--

INSERT INTO `inscripcion` (`IDInscripcion`, `FechaInscripcion`, `Estado`, `DNI`, `IDCurso`) VALUES
(1, '2023-02-20', 'Aprobado', 30123456, 1),
(2, '2023-02-20', 'Aprobado', 30123456, 2),
(3, '2023-02-20', 'Aprobado', 30123456, 3),
(4, '2023-02-21', 'Aprobado', 31234567, 1),
(5, '2023-02-21', 'Aprobado', 31234567, 3),
(6, '2023-02-21', 'Aprobado', 31234567, 6),
(7, '2023-02-22', 'Aprobado', 32345678, 2),
(8, '2023-02-22', 'Baja', 32345678, 3),
(9, '2023-02-22', 'Aprobado', 33456789, 1),
(10, '2023-02-22', 'Aprobado', 33456789, 4),
(11, '2023-02-23', 'Aprobado', 34567890, 2),
(12, '2023-02-23', 'Aprobado', 34567890, 5),
(13, '2023-02-23', 'Aprobado', 35678901, 6),
(14, '2023-02-24', 'Aprobado', 35678901, 7),
(15, '2023-02-24', 'Aprobado', 35678901, 8),
(16, '2023-02-24', 'Aprobado', 36789012, 1),
(17, '2023-02-24', 'Aprobado', 36789012, 3),
(18, '2023-02-25', 'Aprobado', 37890123, 2),
(19, '2023-02-25', 'Baja', 37890123, 4),
(20, '2023-02-25', 'Aprobado', 38901234, 1),
(21, '2023-02-25', 'Aprobado', 38901234, 6),
(22, '2023-02-26', 'Aprobado', 39012345, 3),
(23, '2023-02-26', 'Aprobado', 39012345, 5),
(24, '2023-02-26', 'Aprobado', 40123456, 2),
(25, '2023-02-26', 'Aprobado', 41234567, 1),
(26, '2023-02-27', 'Aprobado', 41234567, 3),
(27, '2023-02-27', 'Aprobado', 42345678, 4),
(28, '2023-02-27', 'Aprobado', 42345678, 7),
(29, '2023-02-27', 'Aprobado', 43456789, 6),
(30, '2023-02-28', 'Aprobado', 43456789, 8),
(31, '2023-02-28', 'Aprobado', 44567890, 1),
(32, '2023-02-28', 'Baja', 44567890, 2),
(33, '2023-02-28', 'Aprobado', 45678901, 3),
(34, '2023-03-01', 'Aprobado', 45678901, 5),
(35, '2023-03-01', 'Aprobado', 46789012, 1),
(36, '2023-03-01', 'Aprobado', 46789012, 4),
(37, '2023-03-01', 'Aprobado', 47890123, 2),
(38, '2023-03-02', 'Aprobado', 48901234, 3),
(39, '2023-03-02', 'Aprobado', 48901234, 6),
(40, '2023-03-02', 'Aprobado', 49012345, 7),
(41, '2024-02-19', 'Aprobado', 30123456, 9),
(42, '2024-02-19', 'Aprobado', 30123456, 11),
(43, '2024-02-19', 'Aprobado', 31234567, 9),
(44, '2024-02-19', 'Aprobado', 31234567, 12),
(45, '2024-02-20', 'Aprobado', 32345678, 10),
(46, '2024-02-20', 'Aprobado', 32345678, 11),
(47, '2024-02-20', 'Aprobado', 33456789, 9),
(48, '2024-02-20', 'Aprobado', 33456789, 13),
(49, '2024-02-21', 'Aprobado', 34567890, 10),
(50, '2024-02-21', 'Aprobado', 34567890, 14),
(51, '2024-02-21', 'Aprobado', 35678901, 11),
(52, '2024-02-21', 'Aprobado', 35678901, 15),
(53, '2024-02-22', 'Aprobado', 36789012, 9),
(54, '2024-02-22', 'Aprobado', 36789012, 14),
(55, '2024-02-22', 'Aprobado', 37890123, 12),
(56, '2024-02-22', 'Baja', 37890123, 15),
(57, '2024-02-23', 'Aprobado', 38901234, 9),
(58, '2024-02-23', 'Aprobado', 38901234, 11),
(59, '2024-02-23', 'Aprobado', 39012345, 10),
(60, '2024-02-23', 'Aprobado', 39012345, 13),
(61, '2024-02-24', 'Aprobado', 40123456, 9),
(62, '2024-02-24', 'Aprobado', 40123456, 10),
(63, '2024-02-24', 'Aprobado', 41234567, 11),
(64, '2024-02-24', 'Aprobado', 41234567, 14),
(65, '2024-02-25', 'Aprobado', 42345678, 9),
(66, '2024-02-25', 'Aprobado', 42345678, 15),
(67, '2024-02-25', 'Aprobado', 43456789, 12),
(68, '2024-02-25', 'Aprobado', 43456789, 13),
(69, '2024-02-26', 'Aprobado', 44567890, 9),
(70, '2024-02-26', 'Aprobado', 44567890, 11),
(71, '2024-02-26', 'Aprobado', 45678901, 10),
(72, '2024-02-26', 'Baja', 45678901, 14),
(73, '2024-02-27', 'Aprobado', 46789012, 9),
(74, '2024-02-27', 'Aprobado', 46789012, 12),
(75, '2024-02-27', 'Aprobado', 47890123, 10),
(76, '2024-02-27', 'Aprobado', 47890123, 13),
(77, '2024-02-28', 'Aprobado', 48901234, 11),
(78, '2024-02-28', 'Aprobado', 48901234, 15),
(79, '2024-02-28', 'Aprobado', 49012345, 9),
(80, '2024-02-28', 'Aprobado', 50123456, 10),
(81, '2024-02-28', 'Aprobado', 51234567, 11),
(82, '2024-02-29', 'Aprobado', 52345678, 9),
(83, '2024-02-29', 'Aprobado', 53456789, 12),
(84, '2024-02-29', 'Aprobado', 54567890, 13),
(85, '2024-07-22', 'Aprobado', 30123456, 16),
(86, '2024-07-22', 'Aprobado', 30123456, 17),
(87, '2024-07-22', 'Aprobado', 31234567, 16),
(88, '2024-07-22', 'Aprobado', 31234567, 19),
(89, '2024-07-23', 'Aprobado', 32345678, 18),
(90, '2024-07-23', 'Aprobado', 32345678, 20),
(91, '2024-07-23', 'Aprobado', 33456789, 16),
(92, '2024-07-23', 'Aprobado', 33456789, 21),
(93, '2024-07-24', 'Aprobado', 34567890, 17),
(94, '2024-07-24', 'Aprobado', 34567890, 22),
(95, '2024-07-24', 'Aprobado', 35678901, 18),
(96, '2024-07-24', 'Aprobado', 35678901, 19),
(97, '2024-07-25', 'Aprobado', 36789012, 16),
(98, '2024-07-25', 'Aprobado', 36789012, 20),
(99, '2024-07-25', 'Aprobado', 38901234, 17),
(100, '2024-07-25', 'Baja', 38901234, 18),
(101, '2024-07-26', 'Aprobado', 39012345, 16),
(102, '2024-07-26', 'Aprobado', 39012345, 22),
(103, '2024-07-26', 'Aprobado', 41234567, 19),
(104, '2024-07-26', 'Aprobado', 42345678, 17),
(105, '2024-07-27', 'Aprobado', 43456789, 16),
(106, '2024-07-27', 'Aprobado', 44567890, 20),
(107, '2024-07-27', 'Aprobado', 55678901, 21),
(108, '2024-07-27', 'Aprobado', 56789012, 22),
(109, '2024-07-28', 'Aprobado', 57890123, 16),
(110, '2024-07-28', 'Aprobado', 58901234, 17),
(111, '2024-07-28', 'Aprobado', 59012345, 18),
(112, '2024-07-28', 'Aprobado', 60123456, 19),
(113, '2024-07-29', 'Aprobado', 61234567, 20),
(114, '2024-07-29', 'Aprobado', 62345678, 21),
(115, '2024-07-29', 'Aprobado', 63456789, 16),
(116, '2024-07-29', 'Baja', 64567890, 22),
(117, '2025-02-17', 'Aprobado', 30123456, 23),
(118, '2025-02-17', 'Aprobado', 31234567, 23),
(119, '2025-02-17', 'Aprobado', 32345678, 23),
(120, '2025-02-17', 'Aprobado', 33456789, 23),
(121, '2025-02-17', 'Aprobado', 34567890, 23),
(122, '2025-02-17', 'Aprobado', 35678901, 23),
(123, '2025-02-17', 'Aprobado', 36789012, 23),
(124, '2025-02-17', 'Aprobado', 37890123, 23),
(125, '2025-02-17', 'Aprobado', 39012345, 23),
(126, '2025-02-17', 'Aprobado', 40123456, 23),
(132, '2025-02-17', 'Aprobado', 40123456, 24),
(133, '2025-02-17', 'Aprobado', 41234567, 24),
(134, '2025-02-17', 'Aprobado', 42345678, 24),
(135, '2025-02-17', 'Aprobado', 43456789, 24),
(136, '2025-02-17', 'Aprobado', 44567890, 24),
(137, '2025-02-17', 'Aprobado', 45678901, 24),
(138, '2025-02-17', 'Aprobado', 46789012, 24),
(139, '2025-02-17', 'Aprobado', 47890123, 24),
(140, '2025-02-17', 'Aprobado', 48901234, 24),
(141, '2025-02-17', 'Aprobado', 49012345, 24),
(147, '2025-02-18', 'Aprobado', 30123456, 25),
(148, '2025-02-18', 'Aprobado', 31234567, 25),
(149, '2025-02-18', 'Aprobado', 32345678, 25),
(150, '2025-02-18', 'Aprobado', 33456789, 25),
(151, '2025-02-18', 'Aprobado', 34567890, 25),
(152, '2025-02-18', 'Aprobado', 35678901, 25),
(153, '2025-02-18', 'Aprobado', 36789012, 25),
(154, '2025-02-18', 'Aprobado', 39012345, 25),
(155, '2025-02-18', 'Aprobado', 40123456, 25),
(156, '2025-02-18', 'Aprobado', 41234567, 25),
(157, '2025-02-18', 'Aprobado', 42345678, 25),
(158, '2025-02-18', 'Aprobado', 50123456, 25),
(162, '2025-02-18', 'Aprobado', 48901234, 26),
(163, '2025-02-18', 'Aprobado', 49012345, 26),
(164, '2025-02-18', 'Aprobado', 50123456, 26),
(165, '2025-02-18', 'Aprobado', 51234567, 26),
(166, '2025-02-18', 'Aprobado', 52345678, 26),
(167, '2025-02-18', 'Aprobado', 53456789, 26),
(168, '2025-02-18', 'Aprobado', 54567890, 26),
(169, '2025-02-18', 'Aprobado', 55678901, 26),
(177, '2025-02-19', 'Aprobado', 55678901, 27),
(178, '2025-02-19', 'Aprobado', 56789012, 27),
(179, '2025-02-19', 'Aprobado', 57890123, 27),
(180, '2025-02-19', 'Aprobado', 58901234, 27),
(181, '2025-02-19', 'Aprobado', 59012345, 27),
(182, '2025-02-19', 'Aprobado', 60123456, 27),
(183, '2025-02-19', 'Aprobado', 61234567, 27),
(184, '2025-02-19', 'Aprobado', 30123456, 28),
(185, '2025-02-19', 'Aprobado', 31234567, 28),
(186, '2025-02-19', 'Aprobado', 32345678, 28),
(187, '2025-02-19', 'Aprobado', 61234567, 28),
(188, '2025-02-19', 'Aprobado', 62345678, 28),
(189, '2025-02-19', 'Aprobado', 63456789, 28),
(190, '2025-02-19', 'Aprobado', 64567890, 28),
(191, '2025-07-21', 'Aprobado', 30123456, 29),
(192, '2025-07-21', 'Aprobado', 31234567, 29),
(193, '2025-07-21', 'Aprobado', 32345678, 29),
(194, '2025-07-21', 'Aprobado', 33456789, 29),
(195, '2025-07-21', 'Aprobado', 34567890, 29),
(196, '2025-07-21', 'Aprobado', 35678901, 29),
(197, '2025-07-21', 'Aprobado', 36789012, 29),
(198, '2025-07-21', 'Aprobado', 40123456, 29),
(199, '2025-07-21', 'Aprobado', 41234567, 29),
(200, '2025-07-21', 'Aprobado', 42345678, 29),
(206, '2025-07-21', 'Aprobado', 30123456, 30),
(207, '2025-07-21', 'Aprobado', 31234567, 30),
(208, '2025-07-21', 'Aprobado', 33456789, 30),
(209, '2025-07-21', 'Aprobado', 35678901, 30),
(210, '2025-07-21', 'Aprobado', 39012345, 30),
(211, '2025-07-21', 'Aprobado', 40123456, 30),
(212, '2025-07-21', 'Aprobado', 43456789, 30),
(213, '2025-07-21', 'Aprobado', 44567890, 30),
(214, '2025-07-21', 'Aprobado', 50123456, 30),
(215, '2025-07-21', 'Aprobado', 51234567, 30),
(221, '2025-07-22', 'Aprobado', 55678901, 31),
(222, '2025-07-22', 'Aprobado', 56789012, 31),
(223, '2025-07-22', 'Aprobado', 57890123, 31),
(224, '2025-07-22', 'Aprobado', 58901234, 31),
(225, '2025-07-22', 'Aprobado', 59012345, 31),
(226, '2025-07-22', 'Aprobado', 60123456, 31),
(227, '2025-07-22', 'Aprobado', 61234567, 31),
(228, '2025-07-22', 'Aprobado', 62345678, 31),
(236, '2025-07-22', 'Aprobado', 30123456, 32),
(237, '2025-07-22', 'Aprobado', 31234567, 32),
(238, '2025-07-22', 'Aprobado', 32345678, 32),
(239, '2025-07-22', 'Aprobado', 33456789, 32),
(240, '2025-07-22', 'Aprobado', 34567890, 32),
(241, '2025-07-22', 'Aprobado', 63456789, 32),
(242, '2025-07-22', 'Aprobado', 64567890, 32),
(243, '2026-02-16', 'Activo', 30123456, 33),
(244, '2026-02-16', 'Activo', 31234567, 33),
(245, '2026-02-16', 'Activo', 32345678, 33),
(246, '2026-02-16', 'Activo', 33456789, 33),
(247, '2026-02-16', 'Activo', 34567890, 33),
(248, '2026-02-16', 'Activo', 35678901, 33),
(249, '2026-02-16', 'Activo', 36789012, 33),
(250, '2026-02-16', 'Activo', 37890123, 33),
(251, '2026-02-16', 'Activo', 39012345, 33),
(252, '2026-02-16', 'Activo', 40123456, 33),
(258, '2026-02-16', 'Activo', 41234567, 34),
(259, '2026-02-16', 'Activo', 42345678, 34),
(260, '2026-02-16', 'Activo', 43456789, 34),
(261, '2026-02-16', 'Activo', 44567890, 34),
(262, '2026-02-16', 'Activo', 45678901, 34),
(263, '2026-02-16', 'Activo', 46789012, 34),
(264, '2026-02-16', 'Activo', 47890123, 34),
(265, '2026-02-16', 'Activo', 48901234, 34),
(266, '2026-02-16', 'Activo', 49012345, 34),
(267, '2026-02-16', 'Activo', 50123456, 34),
(273, '2026-02-17', 'Activo', 30123456, 35),
(274, '2026-02-17', 'Activo', 31234567, 35),
(275, '2026-02-17', 'Activo', 32345678, 35),
(276, '2026-02-17', 'Activo', 33456789, 35),
(277, '2026-02-17', 'Activo', 34567890, 35),
(278, '2026-02-17', 'Activo', 35678901, 35),
(279, '2026-02-17', 'Activo', 36789012, 35),
(280, '2026-02-17', 'Activo', 39012345, 35),
(281, '2026-02-17', 'Activo', 40123456, 35),
(282, '2026-02-17', 'Activo', 41234567, 35),
(283, '2026-02-17', 'Activo', 42345678, 35),
(284, '2026-02-17', 'Activo', 51234567, 35),
(288, '2026-02-17', 'Activo', 52345678, 36),
(289, '2026-02-17', 'Activo', 53456789, 36),
(290, '2026-02-17', 'Activo', 54567890, 36),
(291, '2026-02-17', 'Activo', 55678901, 36),
(292, '2026-02-17', 'Activo', 56789012, 36),
(293, '2026-02-17', 'Activo', 57890123, 36),
(294, '2026-02-17', 'Activo', 58901234, 36),
(295, '2026-02-18', 'Activo', 59012345, 37),
(296, '2026-02-18', 'Activo', 60123456, 37),
(297, '2026-02-18', 'Activo', 61234567, 37),
(298, '2026-02-18', 'Activo', 62345678, 37),
(299, '2026-02-18', 'Activo', 63456789, 37),
(300, '2026-02-18', 'Activo', 64567890, 37),
(302, '2026-02-18', 'Activo', 30123456, 38),
(303, '2026-02-18', 'Activo', 31234567, 38),
(304, '2026-02-18', 'Activo', 32345678, 38),
(305, '2026-02-18', 'Activo', 33456789, 38),
(306, '2026-02-18', 'Activo', 34567890, 38),
(307, '2026-06-16', 'Activo', 30123456, 37);

--
-- Disparadores `inscripcion`
--
DELIMITER $$
CREATE TRIGGER `trg_AuditInscripcion_Insert` AFTER INSERT ON `inscripcion` FOR EACH ROW BEGIN
    INSERT INTO AuditInscripcion (IDInscripcion, DNI, IDCurso, EstadoAnterior, EstadoNuevo, Evento)
    VALUES (NEW.IDInscripcion, NEW.DNI, NEW.IDCurso, NULL, NEW.Estado, 'INSERT');
END
$$
DELIMITER ;
DELIMITER $$
CREATE TRIGGER `trg_AuditInscripcion_Update` AFTER UPDATE ON `inscripcion` FOR EACH ROW BEGIN
    IF OLD.Estado <> NEW.Estado THEN
        INSERT INTO AuditInscripcion (IDInscripcion, DNI, IDCurso, EstadoAnterior, EstadoNuevo, Evento)
        VALUES (NEW.IDInscripcion, NEW.DNI, NEW.IDCurso, OLD.Estado, NEW.Estado, 'UPDATE');
    END IF;
END
$$
DELIMITER ;

-- --------------------------------------------------------

--
-- Estructura de tabla para la tabla `materia`
--

CREATE TABLE `materia` (
  `CodMateria` varchar(10) NOT NULL,
  `NomMateria` varchar(150) NOT NULL,
  `CodCarrera` varchar(10) DEFAULT NULL,
  `Anio` tinyint(3) UNSIGNED DEFAULT NULL,
  `ContMinimos` text DEFAULT NULL,
  `Activo` tinyint(1) NOT NULL DEFAULT 1
) ENGINE=InnoDB DEFAULT CHARSET=utf8mb4 COLLATE=utf8mb4_general_ci;

--
-- Volcado de datos para la tabla `materia`
--

INSERT INTO `materia` (`CodMateria`, `NomMateria`, `CodCarrera`, `Anio`, `ContMinimos`, `Activo`) VALUES
('ANA001', 'Análisis de Sistemas', 'ING', 4, 'Relevamiento, modelado, UML.', 1),
('BDD001', 'Bases de Datos I', 'ING', 2, 'Modelo relacional, SQL, normalización.', 1),
('BDD002', 'Bases de Datos II', 'ING', 3, 'Transacciones, optimización, NoSQL.', 1),
('CP-101', 'Contabilidad I', 'CP', 1, NULL, 1),
('CP-102', 'Matemática I', 'CP', 1, NULL, 1),
('CP-103', 'Economía I', 'CP', 1, NULL, 1),
('CP-104', 'Derecho Civil', 'CP', 1, NULL, 1),
('CP-201', 'Contabilidad II', 'CP', 2, NULL, 1),
('CP-202', 'Matemática Financiera', 'CP', 2, NULL, 1),
('CP-203', 'Derecho Tributario', 'CP', 2, NULL, 1),
('CP-204', 'Costos y Gestión', 'CP', 2, NULL, 1),
('CP-205', 'Estadística', 'CP', 2, NULL, 1),
('CP-301', 'Contabilidad III', 'CP', 3, NULL, 1),
('CP-302', 'Impuestos I', 'CP', 3, NULL, 1),
('CP-303', 'Auditoría I', 'CP', 3, NULL, 1),
('CP-304', 'Derecho Laboral', 'CP', 3, NULL, 1),
('CP-401', 'Impuestos II', 'CP', 4, NULL, 1),
('CP-402', 'Auditoría II', 'CP', 4, NULL, 1),
('CP-403', 'Finanzas Públicas', 'CP', 4, NULL, 1),
('CP-404', 'Sistemas Contables', 'CP', 4, NULL, 1),
('CP-501', 'Actuación Judicial', 'CP', 5, NULL, 1),
('CP-502', 'Ética Profesional', 'CP', 5, NULL, 1),
('CP-503', 'Práctica Profesional', 'CP', 5, NULL, 1),
('GPR001', 'Gestión de Proyectos', 'ING', 3, 'PMBOK, metodologías ágiles, Scrum.', 1),
('ISI-101', 'Análisis Matemático I', 'ISI', 1, NULL, 1),
('ISI-102', 'Álgebra y Geometría Analítica', 'ISI', 1, NULL, 1),
('ISI-103', 'Introducción a la Programación', 'ISI', 1, NULL, 1),
('ISI-104', 'Inglés Técnico I', 'ISI', 1, NULL, 1),
('ISI-201', 'Análisis Matemático II', 'ISI', 2, NULL, 1),
('ISI-202', 'Probabilidad y Estadística', 'ISI', 2, NULL, 1),
('ISI-203', 'Algoritmos y Estructuras de Datos', 'ISI', 2, NULL, 1),
('ISI-204', 'Bases de Datos I', 'ISI', 2, NULL, 1),
('ISI-205', 'Sistemas Operativos', 'ISI', 2, NULL, 1),
('ISI-301', 'Bases de Datos II', 'ISI', 3, NULL, 1),
('ISI-302', 'Redes de Computadoras', 'ISI', 3, NULL, 1),
('ISI-303', 'Ingeniería de Software I', 'ISI', 3, NULL, 1),
('ISI-304', 'Análisis de Sistemas', 'ISI', 3, NULL, 1),
('ISI-305', 'Paradigmas de Programación', 'ISI', 3, NULL, 1),
('ISI-401', 'Inteligencia Artificial', 'ISI', 4, NULL, 1),
('ISI-402', 'Seguridad Informática', 'ISI', 4, NULL, 1),
('ISI-403', 'Gestión de Proyectos', 'ISI', 4, NULL, 1),
('ISI-404', 'Ingeniería de Software II', 'ISI', 4, NULL, 1),
('ISI-405', 'Sistemas Distribuidos', 'ISI', 4, NULL, 1),
('ISI-501', 'Auditoría de Sistemas', 'ISI', 5, NULL, 1),
('ISI-502', 'Legislación Informática', 'ISI', 5, NULL, 1),
('ISI-503', 'Emprendedorismo Tecnológico', 'ISI', 5, NULL, 1),
('ISI-504', 'Proyecto Final de Carrera', 'ISI', 5, NULL, 1),
('LAD-101', 'Contabilidad General', 'LAD', 1, NULL, 1),
('LAD-102', 'Matemática Empresarial', 'LAD', 1, NULL, 1),
('LAD-103', 'Economía General', 'LAD', 1, NULL, 1),
('LAD-104', 'Introducción a la Administración', 'LAD', 1, NULL, 1),
('LAD-201', 'Costos', 'LAD', 2, NULL, 1),
('LAD-202', 'Administración Financiera', 'LAD', 2, NULL, 1),
('LAD-203', 'Derecho Comercial', 'LAD', 2, NULL, 1),
('LAD-204', 'Marketing', 'LAD', 2, NULL, 1),
('LAD-205', 'Estadística Aplicada', 'LAD', 2, NULL, 1),
('LAD-301', 'Recursos Humanos', 'LAD', 3, NULL, 1),
('LAD-302', 'Sistemas de Información Gerencial', 'LAD', 3, NULL, 1),
('LAD-303', 'Análisis Financiero', 'LAD', 3, NULL, 1),
('LAD-304', 'Comercio Exterior', 'LAD', 3, NULL, 1),
('LAD-401', 'Estrategia Empresarial', 'LAD', 4, NULL, 1),
('LAD-402', 'Gestión de Operaciones', 'LAD', 4, NULL, 1),
('LAD-403', 'Emprendedorismo', 'LAD', 4, NULL, 1),
('LAD-404', 'Proyecto Final de Carrera', 'LAD', 4, NULL, 1),
('MAT001', 'Matemática I', 'ING', 1, 'Álgebra, funciones, límites y derivadas.', 1),
('MAT002', 'Matemática II', 'ING', 1, 'Integrales, ecuaciones diferenciales.', 1),
('PRG001', 'Programación I', 'ING', 1, 'Algoritmia, estructuras de control, funciones.', 1),
('PRG002', 'Programación II', 'ING', 1, 'POO, patrones de diseño, estructuras de datos.', 1),
('RED001', 'Redes y Comunicaciones', 'ING', 2, 'Modelo OSI, TCP/IP, protocolos.', 1),
('SIS001', 'Sistemas Operativos', 'ING', 3, 'Procesos, memoria, sistemas de archivos.', 1);

-- --------------------------------------------------------

--
-- Estructura de tabla para la tabla `permiso`
--

CREATE TABLE `permiso` (
  `IDPermiso` int(11) NOT NULL,
  `Codigo` varchar(50) NOT NULL COMMENT 'Ej: ver_notas, cargar_asistencia',
  `Descripcion` varchar(150) NOT NULL,
  `Modulo` varchar(50) NOT NULL COMMENT 'Ej: notas, asistencia, alumnos'
) ENGINE=InnoDB DEFAULT CHARSET=utf8mb4 COLLATE=utf8mb4_general_ci;

--
-- Volcado de datos para la tabla `permiso`
--

INSERT INTO `permiso` (`IDPermiso`, `Codigo`, `Descripcion`, `Modulo`) VALUES
(1, 'ver_notas_propias', 'Ver sus propias notas', 'notas'),
(2, 'ver_notas_curso', 'Ver todas las notas de un curso', 'notas'),
(3, 'cargar_evaluacion', 'Registrar una evaluación', 'notas'),
(4, 'editar_evaluacion', 'Modificar una evaluación existente', 'notas'),
(5, 'ver_asistencia_propia', 'Ver su propia asistencia', 'asistencia'),
(6, 'ver_asistencia_curso', 'Ver asistencia completa de un curso', 'asistencia'),
(7, 'cargar_asistencia', 'Registrar asistencia de una clase', 'asistencia'),
(8, 'editar_asistencia', 'Modificar asistencia registrada', 'asistencia'),
(9, 'ver_alumnos_propios', 'Ver sus datos personales', 'alumnos'),
(10, 'ver_alumnos_curso', 'Ver listado de alumnos de un curso', 'alumnos'),
(11, 'ver_cursos_propios', 'Ver sus cursos inscriptos', 'cursos'),
(12, 'ver_cursos_asignados', 'Ver los cursos que dicta', 'cursos'),
(13, 'ver_correlativas', 'Ver las correlativas de las materias', 'correlativas'),
(14, 'ver_titulo_propio', 'Ver su título obtenido', 'titulo'),
(15, 'gestionar_materias', 'Crear, editar y desactivar materias', ''),
(16, 'gestionar_cursos', 'Crear, editar y desactivar cursos', ''),
(17, 'gestionar_alumnos', 'Crear, editar y desactivar alumnos', ''),
(18, 'gestionar_docentes', 'Crear, editar y desactivar docentes', ''),
(19, 'gestionar_admins', 'Crear y gestionar administradores', ''),
(20, 'ver_auditoria', 'Ver el registro de auditoría del sistema', 'auditoria');

-- --------------------------------------------------------

--
-- Estructura de tabla para la tabla `planestudio`
--

CREATE TABLE `planestudio` (
  `IDPlan` int(11) NOT NULL,
  `CodCarrera` varchar(10) NOT NULL,
  `Anio` int(11) NOT NULL,
  `Descripcion` text DEFAULT NULL,
  `Vigente` tinyint(1) NOT NULL DEFAULT 1
) ENGINE=InnoDB DEFAULT CHARSET=utf8mb4 COLLATE=utf8mb4_general_ci;

--
-- Volcado de datos para la tabla `planestudio`
--

INSERT INTO `planestudio` (`IDPlan`, `CodCarrera`, `Anio`, `Descripcion`, `Vigente`) VALUES
(1, 'TUS', 2018, 'Plan original de la tecnicatura.', 0),
(2, 'TUS', 2023, 'Plan actualizado con materias de IA.', 1),
(3, 'LIS', 2020, 'Plan de licenciatura vigente.', 1),
(4, 'ING', 2019, 'Plan de ingeniería versión 2019.', 0),
(5, 'ING', 2024, 'Plan de ingeniería actualizado 2024.', 1);

-- --------------------------------------------------------

--
-- Estructura de tabla para la tabla `rol`
--

CREATE TABLE `rol` (
  `IDRol` int(11) NOT NULL,
  `NombreRol` varchar(30) NOT NULL,
  `Descripcion` varchar(150) DEFAULT NULL
) ENGINE=InnoDB DEFAULT CHARSET=utf8mb4 COLLATE=utf8mb4_general_ci;

--
-- Volcado de datos para la tabla `rol`
--

INSERT INTO `rol` (`IDRol`, `NombreRol`, `Descripcion`) VALUES
(1, 'alumno', 'Estudiante inscripto en la plataforma'),
(2, 'docente', 'Profesor a cargo de comisiones'),
(3, 'admin', NULL);

-- --------------------------------------------------------

--
-- Estructura de tabla para la tabla `rol_permiso`
--

CREATE TABLE `rol_permiso` (
  `IDRol` int(11) NOT NULL,
  `IDPermiso` int(11) NOT NULL
) ENGINE=InnoDB DEFAULT CHARSET=utf8mb4 COLLATE=utf8mb4_general_ci;

--
-- Volcado de datos para la tabla `rol_permiso`
--

INSERT INTO `rol_permiso` (`IDRol`, `IDPermiso`) VALUES
(1, 1),
(1, 5),
(1, 9),
(1, 11),
(1, 13),
(1, 14),
(2, 2),
(2, 3),
(2, 4),
(2, 6),
(2, 7),
(2, 8),
(2, 10),
(2, 12),
(2, 13),
(3, 15),
(3, 16),
(3, 17),
(3, 18),
(3, 19),
(3, 20);

-- --------------------------------------------------------

--
-- Estructura de tabla para la tabla `tituloobtenido`
--

CREATE TABLE `tituloobtenido` (
  `DNI` int(11) NOT NULL,
  `CodCarrera` varchar(10) NOT NULL,
  `FechaEgreso` date NOT NULL,
  `PromedioFinal` decimal(4,2) NOT NULL,
  `LibroTitulo` varchar(20) DEFAULT NULL,
  `FolioTitulo` varchar(20) DEFAULT NULL
) ENGINE=InnoDB DEFAULT CHARSET=utf8mb4 COLLATE=utf8mb4_general_ci;

--
-- Volcado de datos para la tabla `tituloobtenido`
--

INSERT INTO `tituloobtenido` (`DNI`, `CodCarrera`, `FechaEgreso`, `PromedioFinal`, `LibroTitulo`, `FolioTitulo`) VALUES
(31234567, 'TUS', '2024-12-19', 8.75, 'Libro T1', 'T004'),
(35678901, 'TUS', '2023-12-20', 7.85, 'Libro T1', 'T001'),
(43456789, 'TUS', '2023-12-20', 8.20, 'Libro T1', 'T002'),
(49012345, 'TUS', '2024-06-15', 7.40, 'Libro T1', 'T003'),
(58901234, 'LIS', '2024-12-20', 8.50, 'Libro T1', 'T005');

-- --------------------------------------------------------

--
-- Estructura de tabla para la tabla `usuario`
--

CREATE TABLE `usuario` (
  `IDUsuario` int(11) NOT NULL,
  `Email` varchar(100) NOT NULL,
  `Nombre` varchar(100) DEFAULT NULL,
  `Password` varchar(255) NOT NULL COMMENT 'Hash bcrypt',
  `IDRol` int(11) NOT NULL,
  `DNI` int(11) DEFAULT NULL COMMENT 'Alumno — mutuamente excluyente con Legajo',
  `Legajo` int(11) DEFAULT NULL COMMENT 'Docente — mutuamente excluyente con DNI',
  `Estado` tinyint(1) NOT NULL DEFAULT 1 COMMENT '1=Activo 0=Inactivo',
  `UltimoAcceso` datetime DEFAULT NULL,
  `CreadoEn` datetime NOT NULL DEFAULT current_timestamp()
) ;

--
-- Volcado de datos para la tabla `usuario`
--

INSERT INTO `usuario` (`IDUsuario`, `Email`, `Nombre`, `Password`, `IDRol`, `DNI`, `Legajo`, `Estado`, `UltimoAcceso`, `CreadoEn`) VALUES
(1, 'lucia.fernandez@mail.com', NULL, '$2y$10$SQeN6nmG.1vWPj.0cLCi0OQcqe/GJP./P33TLHf4sf79fuHYmXSIq', 1, 30123456, NULL, 1, '2026-06-17 19:35:47', '2022-03-01 09:00:00'),
(2, 'matias.gonzalez@mail.com', NULL, '$2y$10$SQeN6nmG.1vWPj.0cLCi0OQcqe/GJP./P33TLHf4sf79fuHYmXSIq', 1, 31234567, NULL, 1, NULL, '2021-03-01 09:00:00'),
(3, 'valentina.lopez@mail.com', NULL, '$2y$10$SQeN6nmG.1vWPj.0cLCi0OQcqe/GJP./P33TLHf4sf79fuHYmXSIq', 1, 32345678, NULL, 1, NULL, '2023-03-01 09:00:00'),
(4, 'nicolas.martinez@mail.com', NULL, '$2y$10$SQeN6nmG.1vWPj.0cLCi0OQcqe/GJP./P33TLHf4sf79fuHYmXSIq', 1, 33456789, NULL, 1, NULL, '2022-03-01 09:00:00'),
(5, 'camila.rodriguez@mail.com', NULL, '$2y$10$SQeN6nmG.1vWPj.0cLCi0OQcqe/GJP./P33TLHf4sf79fuHYmXSIq', 1, 34567890, NULL, 1, NULL, '2023-03-01 09:00:00'),
(6, 'santiago.perez@mail.com', NULL, '$2y$10$SQeN6nmG.1vWPj.0cLCi0OQcqe/GJP./P33TLHf4sf79fuHYmXSIq', 1, 35678901, NULL, 1, NULL, '2020-03-01 09:00:00'),
(7, 'agustina.diaz@mail.com', NULL, '$2y$10$SQeN6nmG.1vWPj.0cLCi0OQcqe/GJP./P33TLHf4sf79fuHYmXSIq', 1, 36789012, NULL, 1, '2026-06-02 11:18:19', '2023-03-01 09:00:00'),
(8, 'facundo.suarez@mail.com', NULL, '$2y$10$SQeN6nmG.1vWPj.0cLCi0OQcqe/GJP./P33TLHf4sf79fuHYmXSIq', 1, 37890123, NULL, 1, NULL, '2021-03-01 09:00:00'),
(9, 'milagros.torres@mail.com', NULL, '$2y$10$SQeN6nmG.1vWPj.0cLCi0OQcqe/GJP./P33TLHf4sf79fuHYmXSIq', 1, 38901234, NULL, 1, NULL, '2023-03-01 09:00:00'),
(10, 'ignacio.ramirez@mail.com', NULL, '$2y$10$SQeN6nmG.1vWPj.0cLCi0OQcqe/GJP./P33TLHf4sf79fuHYmXSIq', 1, 39012345, NULL, 1, NULL, '2022-03-01 09:00:00'),
(11, 'florencia.herrera@mail.com', NULL, '$2y$10$SQeN6nmG.1vWPj.0cLCi0OQcqe/GJP./P33TLHf4sf79fuHYmXSIq', 1, 40123456, NULL, 1, NULL, '2024-03-01 09:00:00'),
(12, 'tomas.vargas@mail.com', NULL, '$2y$10$SQeN6nmG.1vWPj.0cLCi0OQcqe/GJP./P33TLHf4sf79fuHYmXSIq', 1, 41234567, NULL, 1, NULL, '2022-03-01 09:00:00'),
(13, 'sofia.castro@mail.com', NULL, '$2y$10$SQeN6nmG.1vWPj.0cLCi0OQcqe/GJP./P33TLHf4sf79fuHYmXSIq', 1, 42345678, NULL, 1, NULL, '2021-03-01 09:00:00'),
(14, 'ezequiel.morales@mail.com', NULL, '$2y$10$SQeN6nmG.1vWPj.0cLCi0OQcqe/GJP./P33TLHf4sf79fuHYmXSIq', 1, 43456789, NULL, 1, NULL, '2020-03-01 09:00:00'),
(15, 'julieta.jimenez@mail.com', NULL, '$2y$10$SQeN6nmG.1vWPj.0cLCi0OQcqe/GJP./P33TLHf4sf79fuHYmXSIq', 1, 44567890, NULL, 1, NULL, '2023-03-01 09:00:00'),
(16, 'leandro.ortega@mail.com', NULL, '$2y$10$SQeN6nmG.1vWPj.0cLCi0OQcqe/GJP./P33TLHf4sf79fuHYmXSIq', 1, 45678901, NULL, 1, NULL, '2022-03-01 09:00:00'),
(17, 'rocio.gutierrez@mail.com', NULL, '$2y$10$SQeN6nmG.1vWPj.0cLCi0OQcqe/GJP./P33TLHf4sf79fuHYmXSIq', 1, 46789012, NULL, 1, NULL, '2021-03-01 09:00:00'),
(18, 'braian.navarro@mail.com', NULL, '$2y$10$SQeN6nmG.1vWPj.0cLCi0OQcqe/GJP./P33TLHf4sf79fuHYmXSIq', 1, 47890123, NULL, 1, NULL, '2024-03-01 09:00:00'),
(19, 'ayelen.rios@mail.com', NULL, '$2y$10$SQeN6nmG.1vWPj.0cLCi0OQcqe/GJP./P33TLHf4sf79fuHYmXSIq', 1, 48901234, NULL, 1, NULL, '2022-03-01 09:00:00'),
(20, 'marcos.sosa@mail.com', NULL, '$2y$10$SQeN6nmG.1vWPj.0cLCi0OQcqe/GJP./P33TLHf4sf79fuHYmXSIq', 1, 49012345, NULL, 1, NULL, '2020-03-01 09:00:00'),
(21, 'natalia.medina@mail.com', NULL, '$2y$10$SQeN6nmG.1vWPj.0cLCi0OQcqe/GJP./P33TLHf4sf79fuHYmXSIq', 1, 50123456, NULL, 1, NULL, '2023-03-01 09:00:00'),
(22, 'emiliano.pereyra@mail.com', NULL, '$2y$10$SQeN6nmG.1vWPj.0cLCi0OQcqe/GJP./P33TLHf4sf79fuHYmXSIq', 1, 51234567, NULL, 1, NULL, '2021-03-01 09:00:00'),
(23, 'antonella.blanco@mail.com', NULL, '$2y$10$SQeN6nmG.1vWPj.0cLCi0OQcqe/GJP./P33TLHf4sf79fuHYmXSIq', 1, 52345678, NULL, 1, NULL, '2022-03-01 09:00:00'),
(24, 'rodrigo.acosta@mail.com', NULL, '$2y$10$SQeN6nmG.1vWPj.0cLCi0OQcqe/GJP./P33TLHf4sf79fuHYmXSIq', 1, 53456789, NULL, 1, NULL, '2020-03-01 09:00:00'),
(25, 'micaela.vega@mail.com', NULL, '$2y$10$SQeN6nmG.1vWPj.0cLCi0OQcqe/GJP./P33TLHf4sf79fuHYmXSIq', 1, 54567890, NULL, 1, NULL, '2024-03-01 09:00:00'),
(26, 'hernan.mendez@mail.com', NULL, '$2y$10$SQeN6nmG.1vWPj.0cLCi0OQcqe/GJP./P33TLHf4sf79fuHYmXSIq', 1, 55678901, NULL, 1, NULL, '2021-03-01 09:00:00'),
(27, 'ailen.romero@mail.com', NULL, '$2y$10$SQeN6nmG.1vWPj.0cLCi0OQcqe/GJP./P33TLHf4sf79fuHYmXSIq', 1, 56789012, NULL, 1, NULL, '2023-03-01 09:00:00'),
(28, 'maxi.cabrera@mail.com', NULL, '$2y$10$SQeN6nmG.1vWPj.0cLCi0OQcqe/GJP./P33TLHf4sf79fuHYmXSIq', 1, 57890123, NULL, 1, NULL, '2022-03-01 09:00:00'),
(29, 'yamila.molina@mail.com', NULL, '$2y$10$SQeN6nmG.1vWPj.0cLCi0OQcqe/GJP./P33TLHf4sf79fuHYmXSIq', 1, 58901234, NULL, 1, NULL, '2020-03-01 09:00:00'),
(30, 'gaston.silva@mail.com', NULL, '$2y$10$SQeN6nmG.1vWPj.0cLCi0OQcqe/GJP./P33TLHf4sf79fuHYmXSIq', 1, 59012345, NULL, 1, NULL, '2024-03-01 09:00:00'),
(31, 'daniela.quiroga@mail.com', NULL, '$2y$10$SQeN6nmG.1vWPj.0cLCi0OQcqe/GJP./P33TLHf4sf79fuHYmXSIq', 1, 60123456, NULL, 1, NULL, '2021-03-01 09:00:00'),
(32, 'federico.benitez@mail.com', NULL, '$2y$10$SQeN6nmG.1vWPj.0cLCi0OQcqe/GJP./P33TLHf4sf79fuHYmXSIq', 1, 61234567, NULL, 1, NULL, '2023-03-01 09:00:00'),
(33, 'celeste.aguirre@mail.com', NULL, '$2y$10$SQeN6nmG.1vWPj.0cLCi0OQcqe/GJP./P33TLHf4sf79fuHYmXSIq', 1, 62345678, NULL, 1, NULL, '2022-03-01 09:00:00'),
(34, 'damian.ibanez@mail.com', NULL, '$2y$10$SQeN6nmG.1vWPj.0cLCi0OQcqe/GJP./P33TLHf4sf79fuHYmXSIq', 1, 63456789, NULL, 1, NULL, '2020-03-01 09:00:00'),
(35, 'magali.ponce@mail.com', NULL, '$2y$10$SQeN6nmG.1vWPj.0cLCi0OQcqe/GJP./P33TLHf4sf79fuHYmXSIq', 1, 64567890, NULL, 1, NULL, '2024-03-01 09:00:00'),
(36, 'c.medina@academisys.edu.ar', NULL, '$2y$10$HAEdoza0wRhvGM/FzqfkUeJwwHb1hvrLPEEz6P1aqwcPOxSZkYGHO', 2, NULL, 1, 1, '2026-06-17 20:11:09', '2020-01-01 09:00:00'),
(37, 'p.ruiz@academisys.edu.ar', NULL, '$2y$10$HAEdoza0wRhvGM/FzqfkUeJwwHb1hvrLPEEz6P1aqwcPOxSZkYGHO', 2, NULL, 2, 1, NULL, '2020-01-01 09:00:00'),
(38, 'r.herrera@academisys.edu.ar', NULL, '$2y$10$HAEdoza0wRhvGM/FzqfkUeJwwHb1hvrLPEEz6P1aqwcPOxSZkYGHO', 2, NULL, 3, 1, NULL, '2020-01-01 09:00:00'),
(39, 's.castro@academisys.edu.ar', NULL, '$2y$10$HAEdoza0wRhvGM/FzqfkUeJwwHb1hvrLPEEz6P1aqwcPOxSZkYGHO', 2, NULL, 4, 1, NULL, '2020-01-01 09:00:00'),
(40, 'a.morales@academisys.edu.ar', NULL, '$2y$10$HAEdoza0wRhvGM/FzqfkUeJwwHb1hvrLPEEz6P1aqwcPOxSZkYGHO', 2, NULL, 5, 1, NULL, '2020-01-01 09:00:00'),
(41, 'm.jimenez@academisys.edu.ar', NULL, '$2y$10$HAEdoza0wRhvGM/FzqfkUeJwwHb1hvrLPEEz6P1aqwcPOxSZkYGHO', 2, NULL, 6, 1, NULL, '2020-01-01 09:00:00'),
(42, 'd.ferreira@academisys.edu.ar', NULL, '$2y$10$HAEdoza0wRhvGM/FzqfkUeJwwHb1hvrLPEEz6P1aqwcPOxSZkYGHO', 2, NULL, 7, 1, NULL, '2020-01-01 09:00:00'),
(43, 'l.santillan@academisys.edu.ar', NULL, '$2y$10$HAEdoza0wRhvGM/FzqfkUeJwwHb1hvrLPEEz6P1aqwcPOxSZkYGHO', 2, NULL, 8, 1, NULL, '2020-01-01 09:00:00'),
(44, 'p.villalba@academisys.edu.ar', NULL, '$2y$10$HAEdoza0wRhvGM/FzqfkUeJwwHb1hvrLPEEz6P1aqwcPOxSZkYGHO', 2, NULL, 9, 1, '2026-06-16 19:04:41', '2020-01-01 09:00:00'),
(45, 'v.ledesma@academisys.edu.ar', NULL, '$2y$10$HAEdoza0wRhvGM/FzqfkUeJwwHb1hvrLPEEz6P1aqwcPOxSZkYGHO', 2, NULL, 10, 1, NULL, '2020-01-01 09:00:00'),
(46, 'g.paredes@academisys.edu.ar', NULL, '$2y$10$HAEdoza0wRhvGM/FzqfkUeJwwHb1hvrLPEEz6P1aqwcPOxSZkYGHO', 2, NULL, 11, 1, NULL, '2020-01-01 09:00:00'),
(47, 'c.espinoza@academisys.edu.ar', NULL, '$2y$10$HAEdoza0wRhvGM/FzqfkUeJwwHb1hvrLPEEz6P1aqwcPOxSZkYGHO', 2, NULL, 12, 1, NULL, '2020-01-01 09:00:00'),
(48, 'admin@academisys.edu.ar', 'Administrador', '$2y$10$1Qw8JO1O2MLpHfPiPNebRe7OQIztOOmfHfp5HzMmmY0XHa4/jtkOy', 3, NULL, NULL, 1, '2026-06-17 20:13:01', '2026-06-02 10:59:58');

--
-- Índices para tablas volcadas
--

--
-- Indices de la tabla `alumno`
--
ALTER TABLE `alumno`
  ADD PRIMARY KEY (`DNI`),
  ADD UNIQUE KEY `UQ_Alumno_Email` (`Email`),
  ADD KEY `FK_Alumno_Dir` (`IDDireccion`),
  ADD KEY `FK_Alumno_Carrera` (`CodCarrera`);

--
-- Indices de la tabla `asistencia`
--
ALTER TABLE `asistencia`
  ADD PRIMARY KEY (`IDInscripcion`,`Fecha`),
  ADD KEY `idx_asist_idinscripcion` (`IDInscripcion`);

--
-- Indices de la tabla `auditinscripcion`
--
ALTER TABLE `auditinscripcion`
  ADD PRIMARY KEY (`IDAudit`);

--
-- Indices de la tabla `auditoria`
--
ALTER TABLE `auditoria`
  ADD PRIMARY KEY (`IDAuditoria`),
  ADD KEY `idx_aud_fecha` (`Fecha`),
  ADD KEY `idx_aud_usuario` (`IDUsuario`),
  ADD KEY `idx_aud_accion` (`Accion`);

--
-- Indices de la tabla `aula`
--
ALTER TABLE `aula`
  ADD PRIMARY KEY (`IDAula`);

--
-- Indices de la tabla `carrera`
--
ALTER TABLE `carrera`
  ADD PRIMARY KEY (`CodCarrera`);

--
-- Indices de la tabla `correlativa`
--
ALTER TABLE `correlativa`
  ADD PRIMARY KEY (`CodMateria`,`CodCorrelativa`),
  ADD KEY `FK_Corr_Requiere` (`CodCorrelativa`);

--
-- Indices de la tabla `curso`
--
ALTER TABLE `curso`
  ADD PRIMARY KEY (`IDCurso`),
  ADD KEY `FK_Curso_Aula` (`IDAula`),
  ADD KEY `idx_curso_codmateria` (`CodMateria`),
  ADD KEY `idx_curso_legajo` (`Legajo`);

--
-- Indices de la tabla `cursohorario`
--
ALTER TABLE `cursohorario`
  ADD PRIMARY KEY (`IDCursoHorario`),
  ADD KEY `FK_CursoHorario_Curso` (`IDCurso`);

--
-- Indices de la tabla `direccion`
--
ALTER TABLE `direccion`
  ADD PRIMARY KEY (`IDDireccion`);

--
-- Indices de la tabla `docente`
--
ALTER TABLE `docente`
  ADD PRIMARY KEY (`Legajo`),
  ADD UNIQUE KEY `UQ_Docente_DNI` (`DNI`),
  ADD UNIQUE KEY `UQ_Docente_Email` (`Email`);

--
-- Indices de la tabla `evaluacion`
--
ALTER TABLE `evaluacion`
  ADD PRIMARY KEY (`IDEvaluacion`),
  ADD KEY `idx_eval_idinscripcion` (`IDInscripcion`),
  ADD KEY `idx_eval_tipo` (`Tipo`);

--
-- Indices de la tabla `inscripcion`
--
ALTER TABLE `inscripcion`
  ADD PRIMARY KEY (`IDInscripcion`),
  ADD UNIQUE KEY `UQ_Insc_AlumnoCurso` (`DNI`,`IDCurso`),
  ADD KEY `idx_insc_dni` (`DNI`),
  ADD KEY `idx_insc_idcurso` (`IDCurso`);

--
-- Indices de la tabla `materia`
--
ALTER TABLE `materia`
  ADD PRIMARY KEY (`CodMateria`),
  ADD KEY `FK_Materia_Carrera` (`CodCarrera`);

--
-- Indices de la tabla `permiso`
--
ALTER TABLE `permiso`
  ADD PRIMARY KEY (`IDPermiso`),
  ADD UNIQUE KEY `UQ_Permiso_Cod` (`Codigo`);

--
-- Indices de la tabla `planestudio`
--
ALTER TABLE `planestudio`
  ADD PRIMARY KEY (`IDPlan`),
  ADD KEY `FK_Plan_Carrera` (`CodCarrera`);

--
-- Indices de la tabla `rol`
--
ALTER TABLE `rol`
  ADD PRIMARY KEY (`IDRol`),
  ADD UNIQUE KEY `UQ_Rol_Nombre` (`NombreRol`);

--
-- Indices de la tabla `rol_permiso`
--
ALTER TABLE `rol_permiso`
  ADD PRIMARY KEY (`IDRol`,`IDPermiso`),
  ADD KEY `FK_RP_Permiso` (`IDPermiso`);

--
-- Indices de la tabla `tituloobtenido`
--
ALTER TABLE `tituloobtenido`
  ADD PRIMARY KEY (`DNI`,`CodCarrera`),
  ADD KEY `FK_Titulo_Carrera` (`CodCarrera`);

--
-- Indices de la tabla `usuario`
--
ALTER TABLE `usuario`
  ADD PRIMARY KEY (`IDUsuario`),
  ADD UNIQUE KEY `UQ_Usuario_Email` (`Email`),
  ADD UNIQUE KEY `UQ_Usuario_DNI` (`DNI`),
  ADD UNIQUE KEY `UQ_Usuario_Legajo` (`Legajo`),
  ADD KEY `FK_Usuario_Rol` (`IDRol`);

--
-- AUTO_INCREMENT de las tablas volcadas
--

--
-- AUTO_INCREMENT de la tabla `auditinscripcion`
--
ALTER TABLE `auditinscripcion`
  MODIFY `IDAudit` int(11) NOT NULL AUTO_INCREMENT, AUTO_INCREMENT=200;

--
-- AUTO_INCREMENT de la tabla `auditoria`
--
ALTER TABLE `auditoria`
  MODIFY `IDAuditoria` int(11) NOT NULL AUTO_INCREMENT;

--
-- AUTO_INCREMENT de la tabla `aula`
--
ALTER TABLE `aula`
  MODIFY `IDAula` int(11) NOT NULL AUTO_INCREMENT, AUTO_INCREMENT=9;

--
-- AUTO_INCREMENT de la tabla `curso`
--
ALTER TABLE `curso`
  MODIFY `IDCurso` int(11) NOT NULL AUTO_INCREMENT, AUTO_INCREMENT=103;

--
-- AUTO_INCREMENT de la tabla `cursohorario`
--
ALTER TABLE `cursohorario`
  MODIFY `IDCursoHorario` int(11) NOT NULL AUTO_INCREMENT, AUTO_INCREMENT=167;

--
-- AUTO_INCREMENT de la tabla `direccion`
--
ALTER TABLE `direccion`
  MODIFY `IDDireccion` int(11) NOT NULL AUTO_INCREMENT, AUTO_INCREMENT=36;

--
-- AUTO_INCREMENT de la tabla `docente`
--
ALTER TABLE `docente`
  MODIFY `Legajo` int(11) NOT NULL AUTO_INCREMENT, AUTO_INCREMENT=13;

--
-- AUTO_INCREMENT de la tabla `evaluacion`
--
ALTER TABLE `evaluacion`
  MODIFY `IDEvaluacion` int(11) NOT NULL AUTO_INCREMENT, AUTO_INCREMENT=458;

--
-- AUTO_INCREMENT de la tabla `inscripcion`
--
ALTER TABLE `inscripcion`
  MODIFY `IDInscripcion` int(11) NOT NULL AUTO_INCREMENT, AUTO_INCREMENT=308;

--
-- AUTO_INCREMENT de la tabla `permiso`
--
ALTER TABLE `permiso`
  MODIFY `IDPermiso` int(11) NOT NULL AUTO_INCREMENT, AUTO_INCREMENT=20;

--
-- AUTO_INCREMENT de la tabla `planestudio`
--
ALTER TABLE `planestudio`
  MODIFY `IDPlan` int(11) NOT NULL AUTO_INCREMENT, AUTO_INCREMENT=6;

--
-- AUTO_INCREMENT de la tabla `rol`
--
ALTER TABLE `rol`
  MODIFY `IDRol` int(11) NOT NULL AUTO_INCREMENT, AUTO_INCREMENT=4;

--
-- AUTO_INCREMENT de la tabla `usuario`
--
ALTER TABLE `usuario`
  MODIFY `IDUsuario` int(11) NOT NULL AUTO_INCREMENT;

--
-- Restricciones para tablas volcadas
--

--
-- Filtros para la tabla `alumno`
--
ALTER TABLE `alumno`
  ADD CONSTRAINT `FK_Alumno_Carrera` FOREIGN KEY (`CodCarrera`) REFERENCES `carrera` (`CodCarrera`) ON UPDATE CASCADE,
  ADD CONSTRAINT `FK_Alumno_Dir` FOREIGN KEY (`IDDireccion`) REFERENCES `direccion` (`IDDireccion`) ON UPDATE CASCADE;

--
-- Filtros para la tabla `asistencia`
--
ALTER TABLE `asistencia`
  ADD CONSTRAINT `FK_Asist_Inscripcion` FOREIGN KEY (`IDInscripcion`) REFERENCES `inscripcion` (`IDInscripcion`) ON UPDATE CASCADE;

--
-- Filtros para la tabla `correlativa`
--
ALTER TABLE `correlativa`
  ADD CONSTRAINT `FK_Corr_Materia` FOREIGN KEY (`CodMateria`) REFERENCES `materia` (`CodMateria`) ON DELETE CASCADE ON UPDATE CASCADE,
  ADD CONSTRAINT `FK_Corr_Requiere` FOREIGN KEY (`CodCorrelativa`) REFERENCES `materia` (`CodMateria`) ON DELETE CASCADE ON UPDATE CASCADE;

--
-- Filtros para la tabla `curso`
--
ALTER TABLE `curso`
  ADD CONSTRAINT `FK_Curso_Aula` FOREIGN KEY (`IDAula`) REFERENCES `aula` (`IDAula`) ON UPDATE CASCADE,
  ADD CONSTRAINT `FK_Curso_Docente` FOREIGN KEY (`Legajo`) REFERENCES `docente` (`Legajo`) ON UPDATE CASCADE,
  ADD CONSTRAINT `FK_Curso_Materia` FOREIGN KEY (`CodMateria`) REFERENCES `materia` (`CodMateria`) ON UPDATE CASCADE;

--
-- Filtros para la tabla `cursohorario`
--
ALTER TABLE `cursohorario`
  ADD CONSTRAINT `FK_CursoHorario_Curso` FOREIGN KEY (`IDCurso`) REFERENCES `curso` (`IDCurso`) ON DELETE CASCADE;

--
-- Filtros para la tabla `evaluacion`
--
ALTER TABLE `evaluacion`
  ADD CONSTRAINT `FK_Eval_Inscripcion` FOREIGN KEY (`IDInscripcion`) REFERENCES `inscripcion` (`IDInscripcion`) ON UPDATE CASCADE;

--
-- Filtros para la tabla `inscripcion`
--
ALTER TABLE `inscripcion`
  ADD CONSTRAINT `FK_Insc_Alumno` FOREIGN KEY (`DNI`) REFERENCES `alumno` (`DNI`) ON UPDATE CASCADE,
  ADD CONSTRAINT `FK_Insc_Curso` FOREIGN KEY (`IDCurso`) REFERENCES `curso` (`IDCurso`) ON UPDATE CASCADE;

--
-- Filtros para la tabla `materia`
--
ALTER TABLE `materia`
  ADD CONSTRAINT `FK_Materia_Carrera` FOREIGN KEY (`CodCarrera`) REFERENCES `carrera` (`CodCarrera`) ON UPDATE CASCADE;

--
-- Filtros para la tabla `planestudio`
--
ALTER TABLE `planestudio`
  ADD CONSTRAINT `FK_Plan_Carrera` FOREIGN KEY (`CodCarrera`) REFERENCES `carrera` (`CodCarrera`) ON UPDATE CASCADE;

--
-- Filtros para la tabla `rol_permiso`
--
ALTER TABLE `rol_permiso`
  ADD CONSTRAINT `FK_RP_Permiso` FOREIGN KEY (`IDPermiso`) REFERENCES `permiso` (`IDPermiso`) ON DELETE CASCADE ON UPDATE CASCADE,
  ADD CONSTRAINT `FK_RP_Rol` FOREIGN KEY (`IDRol`) REFERENCES `rol` (`IDRol`) ON DELETE CASCADE ON UPDATE CASCADE;

--
-- Filtros para la tabla `tituloobtenido`
--
ALTER TABLE `tituloobtenido`
  ADD CONSTRAINT `FK_Titulo_Alumno` FOREIGN KEY (`DNI`) REFERENCES `alumno` (`DNI`) ON UPDATE CASCADE,
  ADD CONSTRAINT `FK_Titulo_Carrera` FOREIGN KEY (`CodCarrera`) REFERENCES `carrera` (`CodCarrera`) ON UPDATE CASCADE;

--
-- Filtros para la tabla `usuario`
--
ALTER TABLE `usuario`
  ADD CONSTRAINT `FK_Usuario_Alumno` FOREIGN KEY (`DNI`) REFERENCES `alumno` (`DNI`) ON UPDATE CASCADE,
  ADD CONSTRAINT `FK_Usuario_Docente` FOREIGN KEY (`Legajo`) REFERENCES `docente` (`Legajo`) ON UPDATE CASCADE,
  ADD CONSTRAINT `FK_Usuario_Rol` FOREIGN KEY (`IDRol`) REFERENCES `rol` (`IDRol`) ON UPDATE CASCADE;
COMMIT;

/*!40101 SET CHARACTER_SET_CLIENT=@OLD_CHARACTER_SET_CLIENT */;
/*!40101 SET CHARACTER_SET_RESULTS=@OLD_CHARACTER_SET_RESULTS */;
/*!40101 SET COLLATION_CONNECTION=@OLD_COLLATION_CONNECTION */;
